554429,"Ackley, Dustin","SEA","v det",1,"F,1-2","H",1,5,2,1,,,,,,,,1,,,,1,,,,2,1,,,,,,,,,,,,,,,,,"2B",,4/17/2013
571431,"Adams, Matt","STL","@ pit",1,"F,0-5","H",1,3,,,,,,,,,,1,,,,,,,,,,,,,,,,,,,,,,,,,,"1B",,4/17/2013
475174,"Alonso, Yonder","SDG","@ lad",1,"F,7-2","H",1,3,,,,,,,2,,,3,,,,,,,,2,,,,,,,,,,,,,,,,,,"1B",,4/17/2013
514888,"Altuve, Jose","HOU","@ oak",1,"F,5-7","H",1,5,3,,,,1,1,,,,,1,,,,,,,1,1,,,,,,,,,,,,,,,,,"2B",,4/17/2013
476883,"Alvarez, Pedro","PIT","v stl",1,"F,5-0","H",1,4,1,,,,,1,,,,1,,,,,,,,4,,,,,,,,,,,,,,,,,,"3B",,4/17/2013
506560,"Amarista, Alexi","SDG","@ lad",1,"F,7-2","H",,1,,,,,,,,,,,,,,,,,,2,,,,,,,,,,,,,,,,,,"PH-2B",,4/17/2013
435180,"Andino, Robert","SEA","v det",1,"F,1-2","H",,1,,,,,,,1,,,,,,,,,,,1,,,,,,,,,,,,,,,,,,"SS",,4/17/2013
150449,"Ankiel, Rick","HOU","@ oak",1,"F,5-7","H",,1,1,,,1,1,1,,,,,,,,,,,,,,,,,,,,,,,,,,,,,,"PH",,4/17/2013
493114,"Aoki, Norichika","MIL","v sfo",1,"F,4-3","H",1,3,,,,,,,,,,,,,,1,,,,1,,,,,,,,,,,,,,,,,,"RF",,4/17/2013
542455,"Arcia, Oswaldo","MIN","v laa",1,"pre","H",1,0,,,,,,,,,,,,,,,,,,,,,,,,,,,,,,,,,,,,"RF",,4/17/2013
450317,"Arencibia, J.P.","TOR","v chw",1,"F,0-7","H",1,4,,,,,,,,,,1,,,,,,,,,,,,,,,,,,,,,,,,,,"C",,4/17/2013
425549,"Barmes, Clint","PIT","v stl",1,"F,5-0","H",1,3,,,,,,,,,,2,,,,1,,,,1,,,,,,,,,,,,,,,,,,"SS",,4/17/2013
488681,"Barnes, Brandon","HOU","@ oak",1,"F,5-7","H",1,2,,,,,1,,1,,,,1,,,,,,,,,,,,,,,,,,,,,,,,,"RF",,4/17/2013
424726,"Bay, Jason","SEA","v det",1,"F,1-2","H",,2,1,,,,,,,,,1,,,,,,,,,,,,,,,,,,,,,,,,,,"PR-DH",,4/17/2013
474832,"Belt, Brandon","SFO","@ mil",1,"F,3-4","H",1,3,,,,,,,1,,,2,,,,,,,,2,,,,,,,,,,,,,,,,,,"1B",,4/17/2013
136860,"Beltran, Carlos","STL","@ pit",1,"F,0-5","H",1,3,1,1,,,,,,,,1,,,,,,,,,,,,,,,,,,,,,,,,,,"RF",,4/17/2013
465668,"Bernadina, Roger","WAS","@ mia",1,"F,6-1","H",1,4,,,,,,1,,,,2,,,,,,,,2,,,,,,,,,,,,,,,,,,"CF",,4/17/2013
435358,"Betancourt, Yuniesky","MIL","v sfo",1,"F,4-3","H",1,2,1,,,1,1,2,1,1,,,,,,,1,,,1,1,,,,,,,,,,,,,,,,,"1B",,4/17/2013
453923,"Blanco, Gregor","SFO","@ mil",1,"F,3-4","H",1,3,,,,,,,1,,,1,1,,,,,,,1,,,,,,,,,,,,,,,,,,"LF",,4/17/2013
452035,"Blanks, Kyle","SDG","@ lad",1,"F,7-2","H",1,3,2,,,1,1,2,,,2,,,,,,,,,,,,,,,,,,,,,,,,,,,"RF-LF",,4/17/2013
453269,"Boesch, Brennan","NYY","v ari",1,"F,4-3","H",1,3,1,1,,,1,,,,,,,,,,,,,,,,,,,,,,,,,,,,,,,"RF",,4/17/2013
598265,"Bradley_Jr., Jackie","BOS","@ cle",1,"F,6-3","H",,0,,,,,,,,,,,,,,,,,,,,,,,,,,,,,,,,,,,,"LF",,4/17/2013
488726,"Brantley, Michael","CLE","v bos",1,"F,3-6","H",1,3,,,,,,,1,,,1,,,,,,,,1,,,,,,,,,,,,,,,,,,"LF",,4/17/2013
460075,"Braun, Ryan","MIL","v sfo",1,"F,4-3","H",1,1,,,,,,,3,1,,1,,1,,,,,,,,,,,,,,,,,,,,,,,,"LF",,4/17/2013
502126,"Brown, Domonic","PHI","@ cin",1,"F,2-11","H",1,1,,,,,,,,,,1,,,,,,,,,,,,,,,,,,,,,,,,,,"LF",,4/17/2013
457803,"Bruce, Jay","CIN","v phi",1,"F,11-2","H",1,4,2,,,,,2,,,,,,,,,,,,1,,,,,,,,,,,,,,,,,,"RF",,4/17/2013
456714,"Butler, Billy","KAN","@ atl",1,"F,1-0","H",1,4,,,,,,,,,,3,,,,,,,,2,,,,,,,,,,,,,,,,,,"1B",,4/17/2013
452678,"Cabrera, Asdrubal","CLE","v bos",1,"F,3-6","H",1,4,,,,,,,,,,1,,,,,,,,4,,,,,,,,,,,,,,,,,,"SS",,4/17/2013
465784,"Cabrera, Everth","SDG","@ lad",1,"F,7-2","H",1,4,3,1,,1,2,1,1,,,,1,,,,,,,,,,,,,,,,,,,,,,,,,"SS",,4/17/2013
408234,"Cabrera, Miguel","DET","@ sea",1,"F,2-1","H",1,6,1,,,,,,,,,2,,,,,,,,3,,,,,,,,,,,,,,,,,,"3B",,4/17/2013
466320,"Cabrera, Melky","TOR","v chw",1,"F,0-7","H",1,4,,,,,,,,,,1,,,,,,,,4,,,,,,,,,,,,,,,,,,"LF",,4/17/2013
456715,"Cain, Lorenzo","KAN","@ atl",1,"F,1-0","H",1,4,3,,,,,,,,,,1,1,,,,,,,,,,,,,,,,,,,,,,,,"CF",,4/17/2013
429664,"Cano, Robinson","NYY","v ari",1,"F,4-3","H",1,4,,,,,,,,,,1,,,,,,,,1,,,,,,,,,,,,,,,,,,"2B",,4/17/2013
455077,"Carp, Mike","BOS","@ cle",1,"F,6-3","H",1,3,3,2,1,,,1,,,,,,,,,,,,,,,,,,,,,,,,,,,,,,"1B",,4/17/2013
572761,"Carpenter, Matt","STL","@ pit",1,"F,0-5","H",1,3,,,,,,,,,,,,,,,,,,,,,,,,,,,,,,,,,,,,"2B",,4/17/2013
485567,"Carrera, Ezequiel","PHI","@ cin",1,"F,2-11","H",,1,,,,,,,,,1,1,,,,,,,,1,,,,,,,,,,,,,,,,,,"LF",,4/17/2013
474892,"Carter, Chris","HOU","@ oak",1,"F,5-7","H",1,4,,,,,,1,,,,2,,,1,,,,,2,,,,,,,,,,,,,,,,,,"DH",,4/17/2013
458210,"Casilla, Alexi","BAL","v tam",1,"F,2-6","H",1,4,1,,,,,,,,,1,,,,,,,,1,,,,,,,,,,,,,,,,,,"2B",,4/17/2013
488771,"Castro, Jason","HOU","@ oak",1,"F,5-7","H",1,4,2,1,,,,,,,,,,,,,,,,,,,,,,,,,,,,,,,,,,"C",,4/17/2013
465041,"Cervelli, Francisco","NYY","v ari",1,"F,4-3","H",1,4,,,,,,,,,,2,,,,,,1,,1,,,,,,,,,,,,,,,,,,"C",,4/17/2013
346795,"Chavez, Endy","SEA","v det",1,"F,1-2","H",,1,,,,,,,,,,1,,,,,,,,,,,,,,,,,,,,,,,,,,"PH",,4/17/2013
136767,"Chavez, Eric","ARI","@ nyy",1,"F,3-4","H",,1,,,,,,,,,,,,,,,,,,,,,,,,,,,,,,,,,,,,"PH-DH",,4/17/2013
502082,"Chisenhall, Lonnie","CLE","v bos",1,"F,3-6","H",1,4,2,,,,,,,,,1,,,,,,,,1,,,,,,,,,,,,,,,,,,"3B",,4/17/2013
446359,"Cozart, Zack","CIN","v phi",1,"F,11-2","H",1,5,3,1,,1,3,2,,,,,,,,,,,,4,,,,,,,,,,,,,,,,,,"SS",,4/17/2013
543063,"Crawford, Brandon","SFO","@ mil",1,"F,3-4","H",1,4,2,,,,1,,,,,,,,,,,1,,1,,,,,,,,,,,,,,,,,,"SS",,4/17/2013
408307,"Crawford, Carl","LAD","v sdg",1,"F,2-7","H",1,5,1,,,,1,,,,,,1,,,,,,,1,,,,,,,,,,,,,,,,,,"LF",,4/17/2013
458501,"Cruz, Luis","LAD","v sdg",1,"F,2-7","H",,1,,,,,,,,,,1,,,,,,,,2,,,,,,,,,,,,,,,,,,"PH",,4/17/2013
458668,"Danks, Jordan","CHW","@ tor",1,"F,7-0","H",,1,1,,,,,,,,,,,,,,,,,,,,,,,,,,,,,,,,,,,"CF",,4/17/2013
448801,"Davis, Chris","BAL","v tam",1,"F,2-6","H",1,4,1,,,,,,,,,,,,,,,,,3,,,,,,,,,,,,,,,,,,"1B",,4/17/2013
434658,"Davis, Rajai","TOR","v chw",1,"F,0-7","H",1,4,2,1,,,,,,,,,,,,,,,,1,,,,,,,,,,,,,,,,,,"RF",,4/17/2013
457477,"De, Alejandro","CHW","@ tor",1,"F,7-0","H",1,4,1,,,,,,,,,,,,,,,,,,,,,,,,,,,,,,,,,,,"CF",,4/17/2013
136660,"DeRosa, Mark","TOR","v chw",1,"F,0-7","H",1,4,,,,,,,,,,1,,,,,,,,,,,,,,,,,,,,,,,,,,"DH",,4/17/2013
456121,"Denorfia, Chris","SDG","@ lad",1,"F,7-2","H",1,6,1,,,1,1,1,,,,3,,,,,,,,4,,,,,,,,,,,,,,,,,,"CF",,4/17/2013
518614,"Descalso, Daniel","STL","@ pit",1,"F,0-5","H",1,2,,,,,,,,,1,,,,,,,1,,,,,,,,,,,,,,,,,,,,"SS",,4/17/2013
435622,"Desmond, Ian","WAS","@ mia",1,"F,6-1","H",1,4,1,,,,1,,,,,1,1,,,,,1,,1,,,,,,,,,,,,,,,,,,"SS",,4/17/2013
543108,"Dirks, Andy","DET","@ sea",1,"F,2-1","H",1,4,1,1,,,,,,,,2,,,,,,,,,,,,,,,,,,,,,,,,,,"LF",,4/17/2013
425785,"Dobbs, Greg","MIA","v was",1,"F,1-6","H",1,4,1,,,,,,,,,1,,,,,,,,,,,,,,,,,,,,,,,,,,"1B",,4/17/2013
518625,"Dominguez, Matt","HOU","@ oak",1,"F,5-7","H",1,4,2,,,,1,,,,,1,,,,,,,,2,,,,,,,,,,,,,,,,,,"3B",,4/17/2013
518626,"Donaldson, Josh","OAK","v hou",1,"F,7-5","H",1,4,,,,,,,,,,,,,,,,,,8,1,,,,,,,,,,,,,,,,,"3B",,4/17/2013
425491,"Doumit, Ryan","MIN","v laa",1,"pre","H",1,0,,,,,,,,,,,,,,,,,,,,,,,,,,,,,,,,,,,,"C",,4/17/2013
572821,"Dozier, Brian","MIN","v laa",1,"pre","H",1,0,,,,,,,,,,,,,,,,,,,,,,,,,,,,,,,,,,,,"2B",,4/17/2013
452220,"Drew, Stephen","BOS","@ cle",1,"F,6-3","H",1,3,,,,,1,,1,,,1,,,,,,,,2,,,,,,,,,,,,,,,,,,"SS",,4/17/2013
455167,"Duncan, Shelley","TAM","@ bal",1,"F,6-2","H",1,3,2,,,1,2,1,1,,,1,,,,,,,,1,,,,,,,,,,,,,,,,,,"DH",,4/17/2013
276055,"Dunn, Adam","CHW","@ tor",1,"F,7-0","H",1,4,,,,,,,,,,2,,,,,,,,3,,,,,,,,,,,,,,,,,,"1B",,4/17/2013
502481,"Dyson, Jarrod","KAN","@ atl",1,"F,1-0","H",,1,,,,,,,,,,,,,,,,,,,,,,,,,,,,,,,,,,,,"PH",,4/17/2013
454560,"Ellis, A.J.","LAD","v sdg",1,"F,2-7","H",1,3,2,,,,,,2,,,,,,,,,,,2,,,,,,,,,,,,,,,,,,"C",,4/17/2013
407885,"Ellis, Mark","LAD","v sdg",1,"F,2-7","H",1,5,2,,,,,,,,,1,,,,,,,,,,,,,,,,,,,,,,,,,,"2B",,4/17/2013
453056,"Ellsbury, Jacoby","BOS","@ cle",1,"F,6-3","H",1,5,3,,,,2,,,,,1,,,,,,,,2,,,,,,,,,,,,,,,,,,"CF",,4/17/2013
429665,"Encarnacion, Edwin","TOR","v chw",1,"F,0-7","H",1,3,2,,,,,,1,,,,,,,,,,,,,,,,,,,,,,,,,,,,,"1B",,4/17/2013
444876,"Escobar, Alcides","KAN","@ atl",1,"F,1-0","H",1,4,2,,,,1,,,,,,,,,,,1,,,,,,,,,,,,,,,,,,,,"SS",,4/17/2013
488862,"Escobar, Yunel","TAM","@ bal",1,"F,6-2","H",1,3,1,,,,,1,1,,,,,,,,,,,2,,,,,,,,,,,,,,,,,,"SS",,4/17/2013
444843,"Ethier, Andre","LAD","v sdg",1,"F,2-7","H",1,3,1,,,,1,,2,,,,,,,,,,,3,,,,,,,,,,,,,,,,,,"RF",,4/17/2013
543148,"Federowicz, Tim","LAD","v sdg",1,"F,2-7","H",,1,,,,,,,,,,,,,,,,,,1,,,,,,,,,,,,,,,,,,"PH",,4/17/2013
425902,"Fielder, Prince","DET","@ sea",1,"F,2-1","H",1,6,,,,,,,,,,5,,,,,,,,4,,,,,,,,,,,,,,,,,,"1B",,4/17/2013
465753,"Florimon, Pedro","MIN","v laa",1,"pre","H",1,0,,,,,,,,,,,,,,,,,,,,,,,,,,,,,,,,,,,,"SS",,4/17/2013
452095,"Flowers, Tyler","CHW","@ tor",1,"F,7-0","H",1,4,2,,,1,2,3,,,,1,,,,,,,,2,,,,,,,,,,,,,,,,,,"C",,4/17/2013
450204,"Francisco, Ben","NYY","v ari",1,"F,4-3","H",1,3,1,,,,1,,,,,,,,,,,,,1,,,,,,,,,,,,,,,,,,"DH",,4/17/2013
464433,"Francisco, Juan","ATL","v kan",1,"F,0-1","H",1,3,2,,,,,,,,,1,,,,,,,,,,,,,,,,,,,,,,,,,,"3B",,4/17/2013
425796,"Francoeur, Jeff","KAN","@ atl",1,"F,1-0","H",1,4,1,,,,,1,,,,1,,,,,,,,3,1,,,,,,,,,,,,,,,,,"RF",,4/17/2013
435623,"Frandsen, Kevin","PHI","@ cin",1,"F,2-11","H",,2,,,,,,,,,,,,,,,,,,,,,,,,,,,,,,,,,,,,"2B",,4/17/2013
453943,"Frazier, Todd","CIN","v phi",1,"F,11-2","H",1,4,1,,,1,1,1,,,,1,,,,,,,,3,1,,,,,,,,,,,,,,,,,"3B",,4/17/2013
501896,"Freese, David","STL","@ pit",1,"F,0-5","H",1,3,,,,,,,,,,2,,,,,,1,,,,,,,,,,,,,,,,,,,,"3B",,4/17/2013
453539,"Fuld, Sam","TAM","@ bal",1,"F,6-2","H",,0,,,,,,,,,,,,,,,,,,,,,,,,,,,,,,,,,,,,"LF",,4/17/2013
520471,"Galvis, Freddy","PHI","@ cin",1,"F,2-11","H",,2,1,,,1,1,2,,,,,,,,,,,,,,,,,,,,,,,,,,,,,,"PH-SS",,4/17/2013
458731,"Gardner, Brett","NYY","v ari",1,"F,4-3","H",1,4,2,,,,,2,,,,,,,,,,,,1,,,,,,,,,,,,,,,,,,"CF",,4/17/2013
594828,"Gattis, Evan","ATL","v kan",1,"F,0-1","H",1,4,,,,,,,,,,1,,,,,,,,2,,,,,,,,,,,,,,,,,,"C",,4/17/2013
460051,"Getz, Chris","KAN","@ atl",1,"F,1-0","H",1,3,,,,,,,,,,1,,,,,,,,2,,,,,,,,,,,,,,,,,,"2B",,4/17/2013
114739,"Giambi, Jason","CLE","v bos",1,"F,3-6","H",1,4,1,,,1,1,1,,,,1,,,,,,,,1,,,,,,,,,,,,,,,,,,"DH",,4/17/2013
502671,"Goldschmidt, Paul","ARI","@ nyy",1,"F,3-4","H",1,4,1,,,1,1,2,,,,,,,,,,,,,,,,,,,,,,,,,,,,,,"1B",,4/17/2013
430404,"Gomes, Jonny","BOS","@ cle",1,"F,6-3","H",,1,,,,,,,,,,1,,,,,,,,,,,,,,,,,,,,,,,,,,"PH",,4/17/2013
460576,"Gomez, Carlos","MIL","v sfo",1,"F,4-3","H",1,4,3,,1,,1,1,,,,,,,,,,,,,,,,,,,,,,,,,,,,,,"CF",,4/17/2013
408236,"Gonzalez, Adrian","LAD","v sdg",1,"F,2-7","H",1,3,3,,,,,1,1,,,,,,,,1,,,,,,,,,,,,,,,,,,,,,"1B",,4/17/2013
136460,"Gonzalez, Alex","MIL","v sfo",1,"F,4-3","H",1,4,1,1,,,1,,,,,1,,,,,,,,1,,,,,,,,,,,,,,,,,,"3B",,4/17/2013
503556,"Gonzalez, Marwin","HOU","@ oak",1,"F,5-7","H",1,4,1,,,,,1,,,,,1,,,,,,,2,,,,,,,,,,,,,,,,,,"SS",,4/17/2013
460086,"Gordon, Alex","KAN","@ atl",1,"F,1-0","H",1,4,,,,,,,,,,2,,,,,,,,1,,,,,,,,,,,,,,,,,,"LF",,4/17/2013
460022,"Greene, Tyler","CHW","@ tor",1,"F,7-0","H",1,4,1,,,,1,,,,,,,,,,,,,1,,,,,,,,,,,,,,,,,,"2B",,4/17/2013
429711,"Gutierrez, Franklin","SEA","v det",1,"F,1-2","H",1,6,2,1,,,,,,,,4,,,,,,,,2,,,,,,,,,,,,,,,,,,"CF",,4/17/2013
461882,"Guzman, Jesus","SDG","@ lad",1,"F,7-2","H",1,3,1,,,,1,,,,,,,,,,,,,1,,,,,,,,,,,,,,,,,,"LF",,4/17/2013
576397,"Gyorko, Jedd","SDG","@ lad",1,"F,7-2","H",1,5,1,,,,,,,,,,,,,,,,,5,1,,,,,,,,,,,,,,,,,"2B",,4/17/2013
400098,"Hafner, Travis","NYY","v ari",1,"F,4-3","H",,1,1,,,1,1,1,,,,,,,,,,,,,,,,,,,,,,,,,,,,,,"PH-DH",,4/17/2013
285078,"Hamilton, Josh","LAA","@ min",1,"pre","H",1,0,,,,,,,,,,,,,,,,,,,,,,,,,,,,,,,,,,,,"RF",,4/17/2013
435219,"Hannahan, Jack","CIN","v phi",1,"F,11-2","H",,1,,,,,,,,,,1,,,,,,,,1,,,,,,,,,,,,,,,,,,"1B",,4/17/2013
429666,"Hardy, J.J.","BAL","v tam",1,"F,2-6","H",1,3,,,,,,,1,,,,,,,,,,,2,,,,,,,,,,,,,,,,,,"SS",,4/17/2013
547180,"Harper, Bryce","WAS","@ mia",1,"F,6-1","H",1,5,4,1,,,1,1,,,,,,,,,,,,2,,,,,,,,,,,,,,,,,,"LF",,4/17/2013
430593,"Harris, Brendan","LAA","@ min",1,"pre","H",1,0,,,,,,,,,,,,,,,,,,,,,,,,,,,,,,,,,,,,"SS",,4/17/2013
452104,"Headley, Chase","SDG","@ lad",1,"F,7-2","H",1,4,1,,,,1,1,1,,,1,,,,,,,,2,,,,,,,,,,,,,,,,,,"3B",,4/17/2013
502317,"Heisey, Chris","CIN","v phi",1,"F,11-2","H",1,4,1,1,,,1,,,,,,,,,,,,,,,,,,,,,,,,,,,,,,,"LF",,4/17/2013
518792,"Heyward, Jason","ATL","v kan",1,"F,0-1","H",1,4,1,1,,,,,,,,1,,,,,,,,2,,,,,,,,,,,,,,,,,,"RF",,4/17/2013
543305,"Hicks, Aaron","MIN","v laa",1,"pre","H",1,0,,,,,,,,,,,,,,,,,,,,,,,,,,,,,,,,,,,,"CF",,4/17/2013
407812,"Holliday, Matt","STL","@ pit",1,"F,0-5","H",1,3,,,,,,,,,,1,,,,,,,,,,,,,,,,,,,,,,,,,,"LF",,4/17/2013
543333,"Hosmer, Eric","KAN","@ atl",1,"F,1-0","H",,0,,,,,,,,,,,,,,,,,,,,,,,,,,,,,,,,,,,,"1B",,4/17/2013
429667,"Howard, Ryan","PHI","@ cin",1,"F,2-11","H",1,4,1,,,,,,,,,1,,,,,,,,1,,,,,,,,,,,,,,,,,,"1B",,4/17/2013
460026,"Hundley, Nick","SDG","@ lad",1,"F,7-2","H",1,4,1,,,,,,1,1,,3,,,,,,,,4,,,,,,,,,,,,,,,,,,"C",,4/17/2013
116338,"Hunter, Torii","DET","@ sea",1,"F,2-1","H",1,5,2,1,,,,,1,,,1,,,,,,,,1,,,,,,,,,,,,,,,,,,"RF",,4/17/2013
455104,"Iannetta, Chris","LAA","@ min",1,"pre","H",1,0,,,,,,,,,,,,,,,,,,,,,,,,,,,,,,,,,,,,"C",,4/17/2013
116380,"Ibanez, Raul","SEA","v det",1,"F,1-2","H",1,6,1,,,,,1,,,,1,,,,,,,,2,1,,,,,,,,,,,,,,,,,"LF",,4/17/2013
408299,"Infante, Omar","DET","@ sea",1,"F,2-1","H",1,6,,,,,,,,,,1,,,,,,,,6,,,,,,,,,,,,,,,,,,"2B",,4/17/2013
285131,"Izturis, Cesar","CIN","v phi",1,"F,11-2","H",,2,,,,,,,,,,,,,,,,,,1,,,,,,,,,,,,,,,,,,"PH-2B",,4/17/2013
430895,"Izturis, Maicer","TOR","v chw",1,"F,0-7","H",1,4,,,,,,,,,,,,,,,,,,,,,,,,,,,,,,,,,,,,"2B",,4/17/2013
457706,"Jackson, Austin","DET","@ sea",1,"F,2-1","H",1,7,1,1,,,,,,,,4,,,,,,,,2,,,,,,,,,,,,,,,,,,"CF",,4/17/2013
444379,"Jaso, John","OAK","v hou",1,"F,7-5","H",1,5,2,1,,,1,1,,,,,,,,,,,,3,,,,,,,,,,,,,,,,,,"DH-C",,4/17/2013
445055,"Jay, Jon","STL","@ pit",1,"F,0-5","H",1,4,,,,,,,,,,3,,,,,,,,1,,,,,,,,,,,,,,,,,,"CF",,4/17/2013
457775,"Jennings, Desmond","TAM","@ bal",1,"F,6-2","H",1,5,,,,,,,,,,2,,,,,,,,4,,,,,,,,,,,,,,,,,,"CF",,4/17/2013
499864,"Jimenez, Luis","LAA","@ min",1,"pre","H",1,0,,,,,,,,,,,,,,,,,,,,,,,,,,,,,,,,,,,,"3B",,4/17/2013
453400,"Johnson, Chris","ATL","v kan",1,"F,0-1","H",1,3,1,1,,,,,,,,,,,,,,,,1,1,,,,,,,,,,,,,,,,,"1B",,4/17/2013
430637,"Johnson, Kelly","TAM","@ bal",1,"F,6-2","H",1,5,2,,,1,1,1,,,,3,,1,,,,,,,,,,,,,,,,,,,,,,,,"2B",,4/17/2013
430945,"Jones, Adam","BAL","v tam",1,"F,2-6","H",1,4,1,,,1,1,2,,,,2,,,,,,,,2,,,,,,,,,,,,,,,,,,"CF",,4/17/2013
434540,"Jones, Garrett","PIT","v stl",1,"F,5-0","H",1,2,1,,,,,,1,,,,,,,,,,,,,,,,,,,,,,,,,,,,,"1B",,4/17/2013
459964,"Joyce, Matt","TAM","@ bal",1,"F,6-2","H",1,4,1,,,,1,,,,,1,1,,,,,,,1,,,,,,,,,,,,,,,,,,"LF",,4/17/2013
493128,"Kawasaki, Munenori","TOR","v chw",1,"F,0-7","H",1,2,2,,,,,,1,,,,,,,,,,,,,,,,,,,,,,,,,,,,,"SS",,4/17/2013
400290,"Kearns, Austin","MIA","v was",1,"F,1-6","H",1,4,2,,,,,,,,,1,,,,,,,,,,,,,,,,,,,,,,,,,,"RF",,4/17/2013
430603,"Kelly, Don","DET","@ sea",1,"F,2-1","H",,0,,,,,1,,,,,,,,,,,,,,,,,,,,,,,,,,,,,,,"PR-DH",,4/17/2013
461314,"Kemp, Matt","LAD","v sdg",1,"F,2-7","H",,1,,,,,,1,,,,1,,,,,1,,,3,,,,,,,,,,,,,,,,,,"PH-CF",,4/17/2013
435062,"Kendrick, Howie","LAA","@ min",1,"pre","H",1,0,,,,,,,,,,,,,,,,,,,,,,,,,,,,,,,,,,,,"2B",,4/17/2013
433898,"Keppinger, Jeff","CHW","@ tor",1,"F,7-0","H",1,4,,,,,,1,,,,,,,,,1,,,1,1,,,,,,,,,,,,,,,,,"3B",,4/17/2013
117244,"Konerko, Paul","CHW","@ tor",1,"F,7-0","H",1,3,1,1,,,1,1,,,,1,,,,,1,,,,,,,,,,,,,,,,,,,,,"DH",,4/17/2013
117276,"Kotsay, Mark","SDG","@ lad",1,"F,7-2","H",,1,1,,,,,1,,,,,,,,,,,,,,,,,,,,,,,,,,,,,,"PH",,4/17/2013
456124,"Kratz, Erik","PHI","@ cin",1,"F,2-11","H",1,3,,,,,,,,,,1,,,,,,,,2,1,,,,,,,,,,,,,,,,,"C",,4/17/2013
425560,"LaRoche, Adam","WAS","@ mia",1,"F,6-1","H",1,4,2,,,,1,1,,,,1,,,,,,,,,,,,,,,,,,,,,,,,,,"1B",,4/17/2013
503351,"Lalli, Blake","MIL","v sfo",1,"F,4-3","H",,1,1,,,,,1,,,,,,,,,,,,,,,,,,,,,,,,,,,,,,"PH",,4/17/2013
543434,"Lawrie, Brett","TOR","v chw",1,"F,0-7","H",1,4,,,,,,,,,,3,,,,,,,,3,,,,,,,,,,,,,,,,,,"3B",,4/17/2013
543459,"Lombardozzi, Steve","WAS","@ mia",1,"F,6-1","H",1,5,2,,,,,1,,,,,,,,,,,,,,,,,,,,,,,,,,,,,,"2B",,4/17/2013
425766,"Loney, James","TAM","@ bal",1,"F,6-2","H",1,3,3,2,,,1,3,1,,,,,,,,,,,,,,,,,,,,,,,,,,,,,"1B",,4/17/2013
446334,"Longoria, Evan","TAM","@ bal",1,"F,6-2","H",1,5,1,1,,,1,,,,,2,,,,,,,,1,,,,,,,,,,,,,,,,,,"3B",,4/17/2013
476704,"Lowrie, Jed","OAK","v hou",1,"F,7-5","H",1,3,2,1,,,1,1,1,,,,,,,,,,,2,,,,,,,,,,,,,,,,,,"SS",,4/17/2013
518960,"Lucroy, Jonathan","MIL","v sfo",1,"F,4-3","H",1,4,1,,,,,,,,,1,,,,,,,,,,,,,,,,,,,,,,,,,,"C",,4/17/2013
592518,"Machado, Manny","BAL","v tam",1,"F,2-6","H",1,3,,,,,1,,1,,,1,,,,,,,,3,,,,,,,,,,,,,,,,,,"3B",,4/17/2013
518977,"Mahoney, Joe","MIA","v was",1,"F,1-6","H",,1,,,,,,,,,,,,,,,,,,,,,,,,,,,,,,,,,,,,"PH",,4/17/2013
455976,"Markakis, Nick","BAL","v tam",1,"F,2-6","H",1,4,1,,,,,,1,,,1,,,,,,,,2,,,,,,,,,,,,,,,,,,"RF",,4/17/2013
501245,"Marte, Alfredo","ARI","@ nyy",1,"F,3-4","H",1,3,,,,,,,,,,1,,,,,,,,3,,,,,,,,,,,,,,,,,,"DH",,4/17/2013
516782,"Marte, Starling","PIT","v stl",1,"F,5-0","H",1,4,1,,1,,1,,,,,,,,,,,,,,,,,,,,,,,,,,,,,,,"LF",,4/17/2013
431145,"Martin, Russell","PIT","v stl",1,"F,5-0","H",1,4,1,,,,1,,,,,,,,,,,,,1,,,,,,,,,,,,,,,,,,"C",,4/17/2013
502110,"Martinez, J.D.","HOU","@ oak",1,"F,5-7","H",1,4,1,1,,,,,,,,,,,,,,,,1,,,,,,,,,,,,,,,,,,"LF",,4/17/2013
400121,"Martinez, Victor","DET","@ sea",1,"F,2-1","H",1,6,1,,,,1,,,,,,,,,,,,,,,,,,,,,,,,,,,,,,,"DH",,4/17/2013
408045,"Mauer, Joe","MIN","v laa",1,"pre","H",1,0,,,,,,,,,,,,,,,,,,,,,,,,,,,,,,,,,,,,"DH",,4/17/2013
452239,"Maxwell, Justin","HOU","@ oak",1,"F,5-7","H",1,4,,,,,,,,,,3,,,,,,1,,4,,,,,,,,,,,,,,,,,,"CF",,4/17/2013
460055,"Mayberry, John","PHI","@ cin",1,"F,2-11","H",1,3,1,1,,,1,,,,,1,,,,,,,,1,,,,,,,,,,,,,,,,,,"RF",,4/17/2013
457705,"McCutchen, Andrew","PIT","v stl",1,"F,5-0","H",1,4,2,,,,2,,,,,,,,,,,,,1,1,,,,,,,,,,,,,,,,,"CF",,4/17/2013
434661,"McLouth, Nate","BAL","v tam",1,"F,2-6","H",1,3,,,,,,,1,,,,,,,,,,,2,,,,,,,,,,,,,,,,,,"LF",,4/17/2013
519023,"Mesoraco, Devin","CIN","v phi",1,"F,11-2","H",1,4,2,2,,,2,1,,,,1,,,,,,,,,,,,,,,,,,,,,,,,,,"C",,4/17/2013
519025,"Middlebrooks, Will","BOS","@ cle",1,"F,6-3","H",1,5,,,,,,,,,,2,,,,,,,,3,,,,,,,,,,,,,,,,,,"3B",,4/17/2013
150040,"Molina, Jose","TAM","@ bal",1,"F,6-2","H",1,4,,,,,,,,,,1,,,,,,,,5,,,,,,,,,,,,,,,,,,"C",,4/17/2013
425877,"Molina, Yadier","STL","@ pit",1,"F,0-5","H",1,3,,,,,,,,,,,,,,,,,,1,,,,,,,,,,,,,,,,,,"C",,4/17/2013
524968,"Montero, Jesus","SEA","v det",1,"F,1-2","H",1,5,1,,,,,,1,,,2,,,,,,,,1,,,,,,,,,,,,,,,,,,"C",,4/17/2013
471083,"Montero, Miguel","ARI","@ nyy",1,"F,3-4","H",1,3,,,,,,,1,,,2,,,,,,,,,,,,,,,,,,,,,,,,,,"C",,4/17/2013
489138,"Moore, Tyler","WAS","@ mia",1,"F,6-1","H",,1,,,,,,,,,,,,,,,,,,2,,,,,,,,,,,,,,,,,,"PH",,4/17/2013
434778,"Morales, Kendrys","SEA","v det",1,"F,1-2","H",1,4,1,,,,,,,,,2,,,,,,,,2,,,,,,,,,,,,,,,,,,"DH",,4/17/2013
408047,"Morneau, Justin","MIN","v laa",1,"pre","H",1,0,,,,,,,,,,,,,,,,,,,,,,,,,,,,,,,,,,,,"1B",,4/17/2013
434604,"Morse, Michael","SEA","v det",1,"F,1-2","H",1,5,1,1,,,1,,1,,,2,,,,,,,,2,,,,,,,,,,,,,,,,,,"RF",,4/17/2013
519058,"Moustakas, Mike","KAN","@ atl",1,"F,1-0","H",1,3,1,,,,,,,,,,,,,,,,,1,,,,,,,,,,,,,,,,,,"3B",,4/17/2013
435063,"Napoli, Mike","BOS","@ cle",1,"F,6-3","H",1,5,2,1,,,,2,,,,1,,,,,,,,7,1,,,,,,,,,,,,,,,,,"DH",,4/17/2013
537953,"Nava, Daniel","BOS","@ cle",1,"F,6-3","H",1,5,2,,,,,2,,,,,,1,,,,,,6,,,,,,,,,,,,,,,,,,"LF-1B",,4/17/2013
434624,"Nix, Jayson","NYY","v ari",1,"F,4-3","H",1,1,,,,,,1,2,,,,,,,,,,,,,,,,,,,,,,,,,,,,,"3B",,4/17/2013
425556,"Nix, Laynce","PHI","@ cin",1,"F,2-11","H",,1,,,,,,,,,,,,,,,,,,,,,,,,,,,,,,,,,,,,"PH",,4/17/2013
519083,"Norris, Derek","OAK","v hou",1,"F,7-5","H",1,2,,,,,1,,2,,,1,,,,,,,,1,,,,,,,,,,,,,,,,,,"C",,4/17/2013
456488,"Nunez, Eduardo","NYY","v ari",1,"F,4-3","H",1,2,,,,,1,,1,,,1,,,,,,,,,,,,,,,,,,,,,,,,,,"SS",,4/17/2013
400018,"Olivo, Miguel","MIA","v was",1,"F,1-6","H",1,4,,,,,,,,,,2,,,,,,,,3,,,,,,,,,,,,,,,,,,"C",,4/17/2013
434636,"Pagan, Angel","SFO","@ mil",1,"F,3-4","H",1,4,1,,,,1,1,,,,,,,,,,,,1,,,,,,,,,,,,,,,,,,"CF",,4/17/2013
467827,"Parra, Gerardo","ARI","@ nyy",1,"F,3-4","H",1,4,1,,,,,,,,,1,,,,,,,,3,,,,,,,,,,,,,,,,,,"CF",,4/17/2013
456030,"Pedroia, Dustin","BOS","@ cle",1,"F,6-3","H",1,5,2,,,,1,,,,,3,,,,,,,,5,,,,,,,,,,,,,,,,,,"2B",,4/17/2013
430910,"Pena, Brayan","DET","@ sea",1,"F,2-1","H",1,6,1,,,,,1,,,,3,,,,,,,,5,,,,,,,,,,,,,,,,,,"C",,4/17/2013
150289,"Pena, Carlos","HOU","@ oak",1,"F,5-7","H",1,4,1,,,1,1,1,,,,1,,,,,,,,1,,,,,,,,,,,,,,,,,,"1B",,4/17/2013
455369,"Pena, Ramiro","ATL","v kan",1,"F,0-1","H",,1,1,,,,,,,,,,,,,,,,,,,,,,,,,,,,,,,,,,,"PH",,4/17/2013
452254,"Pence, Hunter","SFO","@ mil",1,"F,3-4","H",1,4,1,,,,,2,,,,,,,,,,,,,,,,,,,,,,,,,,,,,,"RF",,4/17/2013
460060,"Pennington, Cliff","ARI","@ nyy",1,"F,3-4","H",1,3,,,,,,,,,,1,,,,,,,,1,,,,,,,,,,,,,,,,,,"SS",,4/17/2013
425509,"Peralta, Jhonny","DET","@ sea",1,"F,2-1","H",1,4,,,,,,1,1,1,,3,,,,1,,,,1,,,,,,,,,,,,,,,,,,"SS",,4/17/2013
521692,"Perez, Salvador","KAN","@ atl",1,"F,1-0","H",1,4,1,,,,,,,,,,,,,,,,,2,,,,,,,,,,,,,,,,,,"C",,4/17/2013
451089,"Peterson, Shane","OAK","v hou",1,"F,7-5","H",1,3,1,,,,1,1,1,,,1,,,,,,,,1,,,,,,,,,,,,,,,,,,"1B",,4/17/2013
543647,"Phelps, Cord","CLE","v bos",1,"F,3-6","H",1,4,,,,,,,,,,1,,,,,,,,2,,,,,,,,,,,,,,,,,,"2B",,4/17/2013
408252,"Phillips, Brandon","CIN","v phi",1,"F,11-2","H",1,2,2,,,,,3,1,,,,,,,,,,,,,,,,,,,,,,,,,,,,,"2B",,4/17/2013
334393,"Pierre, Juan","MIA","v was",1,"F,1-6","H",1,4,,,,,,,,,,,,,,,,,,2,,,,,,,,,,,,,,,,,,"LF",,4/17/2013
461858,"Plouffe, Trevor","MIN","v laa",1,"pre","H",1,0,,,,,,,,,,,,,,,,,,,,,,,,,,,,,,,,,,,,"3B",,4/17/2013
135784,"Polanco, Placido","MIA","v was",1,"F,1-6","H",1,4,2,1,,,,,,,,,,,,,,,,1,,,,,,,,,,,,,,,,,,"3B",,4/17/2013
572041,"Pollock, A.J.","ARI","@ nyy",1,"F,3-4","H",1,3,1,1,,,1,1,,,,,,,,,1,,,,,,,,,,,,,,,,,,,,,"LF",,4/17/2013
457763,"Posey, Buster","SFO","@ mil",1,"F,3-4","H",1,4,,,,,,,,,,1,,,,,,,,3,,,,,,,,,,,,,,,,,,"C",,4/17/2013
445988,"Prado, Martin","ARI","@ nyy",1,"F,3-4","H",1,4,,,,,,,,,,,,,,,,,,1,,,,,,,,,,,,,,,,,,"3B",,4/17/2013
502100,"Presley, Alex","PIT","v stl",1,"F,5-0","H",,1,1,,,,,,,,,,,,,,,,,,,,,,,,,,,,,,,,,,,"PH",,4/17/2013
572389,"Prince, Josh","MIL","v sfo",1,"F,4-3","H",,0,,,,,1,,,,,,,,,,,,,,,,,,,,,,,,,,,,,,,"PR",,4/17/2013
405395,"Pujols, Albert","LAA","@ min",1,"pre","H",1,0,,,,,,,,,,,,,,,,,,,,,,,,,,,,,,,,,,,,"DH",,4/17/2013
346857,"Punto, Nick","LAD","v sdg",1,"F,2-7","H",1,4,,,,,,,,,,1,,,,,,1,,3,,,,,,,,,,,,,,,,,,"3B",,4/17/2013
493351,"Ramirez, Alexei","CHW","@ tor",1,"F,7-0","H",1,3,2,1,,,1,1,1,,,,,,,,,,,1,,,,,,,,,,,,,,,,,,"SS",,4/17/2013
458675,"Rasmus, Colby","TOR","v chw",1,"F,0-7","H",1,4,,,,,,,,,,4,,,,,,,,2,,,,,,,,,,,,,,,,,,"CF",,4/17/2013
502210,"Reddick, Josh","OAK","v hou",1,"F,7-5","H",1,3,1,1,,,1,2,1,,,1,,,,,,,,,,,,,,,,,,,,,,,,,,"RF",,4/17/2013
460099,"Reimold, Nolan","BAL","v tam",1,"F,2-6","H",1,4,,,,,,,,,,3,,,,,,,,2,,,,,,,,,,,,,,,,,,"DH",,4/17/2013
519184,"Revere, Ben","PHI","@ cin",1,"F,2-11","H",1,4,,,,,,,,,,1,,,,,,,,1,,,,,,,,,,,,,,,,,,"CF",,4/17/2013
448602,"Reynolds, Mark","CLE","v bos",1,"F,3-6","H",1,4,1,1,,,,,,,,1,,,,,,,,1,,,,,,,,,,,,,,,,,,"1B",,4/17/2013
425567,"Rios, Alex","CHW","@ tor",1,"F,7-0","H",1,3,1,,,1,1,1,1,,,,,,,,,,,,,,,,,,,,,,,,,,,,,"RF",,4/17/2013
501961,"Robinson, Derrick","CIN","v phi",1,"F,11-2","H",1,3,1,,,,,1,2,,,1,,1,1,,,,,1,,,,,,,,,,,,,,,,,,"CF",,4/17/2013
453203,"Robinson, Shane","STL","@ pit",1,"F,0-5","H",,1,,,,,,,,,,,,,,,,,,,,,,,,,,,,,,,,,,,,"PH",,4/17/2013
276519,"Rollins, Jimmy","PHI","@ cin",1,"F,2-11","H",1,3,1,,,,,,,,,,,,,,,,,1,,,,,,,,,,,,,,,,,,"SS",,4/17/2013
425496,"Ross, Cody","ARI","@ nyy",1,"F,3-4","H",1,4,2,,,,,,,,,,,,,,,,,,,,,,,,,,,,,,,,,,,"RF",,4/17/2013
448605,"Ruggiano, Justin","MIA","v was",1,"F,1-6","H",1,4,,,,,,,,,,1,,,,,,,,2,,,,,,,,,,,,,,,,,,"CF",,4/17/2013
453895,"Ryan, Brendan","SEA","v det",1,"F,1-2","H",1,2,,,,,,,,,,2,,,,,,1,,,,,,,,,,,,,,,,,,,,"SS",,4/17/2013
457454,"Saltalamacchia, Jarrod","BOS","@ cle",1,"F,6-3","H",1,5,,,,,,,,,,1,,,,,,,,2,,,,,,,,,,,,,,,,,,"C",,4/17/2013
459991,"Sanchez, Gaby","PIT","v stl",1,"F,5-0","H",,1,1,1,,,1,1,,,,,,,,,,,,,,,,,,,,,,,,,,,,,,"PH-1B",,4/17/2013
467055,"Sandoval, Pablo","SFO","@ mil",1,"F,3-4","H",1,4,1,,,,,,,,,1,,,,,,,,,,,,,,,,,,,,,,,,,,"3B",,4/17/2013
467793,"Santana, Carlos","CLE","v bos",1,"F,3-6","H",1,3,,,,,1,,1,,,2,,,,,,,,,,,,,,,,,,,,,,,,,,"C",,4/17/2013
457788,"Schafer, Jordan","ATL","v kan",1,"F,0-1","H",,1,,,,,,,,,,1,,,,,,,,,,,,,,,,,,,,,,,,,,"PH",,4/17/2013
502582,"Schafer, Logan","MIL","v sfo",1,"F,4-3","H",,1,1,,,,,,,,,,,,,,,,,,,,,,,,,,,,,,,,,,,"PH",,4/17/2013
435401,"Schumaker, Skip","LAD","v sdg",1,"F,2-7","H",1,3,,,,,,,,,,,,,,,,,,5,,,,,,,,,,,,,,,,,,"CF",,4/17/2013
340192,"Scutaro, Marco","SFO","@ mil",1,"F,3-4","H",1,4,1,,,,1,,,,,1,,,,,,,,,,,,,,,,,,,,,,,,,,"2B",,4/17/2013
572122,"Seager, Kyle","SEA","v det",1,"F,1-2","H",1,6,1,,,,,,,,,2,,,,,,,,4,,,,,,,,,,,,,,,,,,"3B",,4/17/2013
516416,"Segura, Jean","MIL","v sfo",1,"F,4-3","H",1,4,,,,,,,,,,,,,,,,,,2,,,,,,,,,,,,,,,,,,"SS",,4/17/2013
451088,"Sellers, Justin","LAD","v sdg",1,"F,2-7","H",1,3,1,,,,,,1,,,1,,,,,,,,,,,,,,,,,,,,,,,,,,"SS",,4/17/2013
543776,"Shuck, J.B.","LAA","@ min",1,"pre","H",1,0,,,,,,,,,,,,,,,,,,,,,,,,,,,,,,,,,,,,"LF",,4/17/2013
592743,"Simmons, Andrelton","ATL","v kan",1,"F,0-1","H",1,3,,,,,,,,,,1,,,,,,,,,,,,,,,,,,,,,,,,,,"SS",,4/17/2013
452234,"Smith, Seth","OAK","v hou",1,"F,7-5","H",1,5,3,,,,1,,,,,,,,,,,,,1,,,,,,,,,,,,,,,,,,"LF",,4/17/2013
475253,"Smoak, Justin","SEA","v det",1,"F,1-2","H",1,5,1,,,,,,1,,,1,,,,,,,,2,1,,,,,,,,,,,,,,,,,"1B",,4/17/2013
501983,"Snider, Travis","PIT","v stl",1,"F,5-0","H",1,4,1,,,,,1,,,,3,,,,,,,,1,,,,,,,,,,,,,,,,,,"RF",,4/17/2013
519299,"Sogard, Eric","OAK","v hou",1,"F,7-5","H",1,4,1,,,,,1,,,,,,,,,,,,2,1,,,,,,,,,,,,,,,,,"2B",,4/17/2013
456781,"Solano, Donovan","MIA","v was",1,"F,1-6","H",1,4,1,,,,,1,,,,1,,,,,,,,1,,,,,,,,,,,,,,,,,,"2B",,4/17/2013
453211,"Stubbs, Drew","CLE","v bos",1,"F,3-6","H",1,3,1,1,,,,,1,,,2,1,,,,,,,1,,,,,,,,,,,,,,,,,,"CF",,4/17/2013
400085,"Suzuki, Ichiro","NYY","v ari",1,"F,4-3","H",,0,,,,,,,,,,,,,,,,,,,,,,,,,,,,,,,,,,,,"RF",,4/17/2013
435559,"Suzuki, Kurt","WAS","@ mia",1,"F,6-1","H",1,3,2,,1,1,2,2,,,,1,,,,,1,,,,,,,,,,,,,,,,,,,,,"C",,4/17/2013
430897,"Swisher, Nick","CLE","v bos",1,"F,3-6","H",1,4,2,,,1,1,2,,,,,,,,,,,,,,,,,,,,,,,,,,,,,,"RF",,4/17/2013
429710,"Tracy, Chad","WAS","@ mia",1,"F,6-1","H",,1,,,,,,,,,,,,,,,,,,,,,,,,,,,,,,,,,,,,"3B",,4/17/2013
545361,"Trout, Mike","LAA","@ min",1,"pre","H",1,0,,,,,,,,,,,,,,,,,,,,,,,,,,,,,,,,,,,,"CF",,4/17/2013
444432,"Trumbo, Mark","LAA","@ min",1,"pre","H",1,0,,,,,,,,,,,,,,,,,,,,,,,,,,,,,,,,,,,,"1B",,4/17/2013
449168,"Tuiasosopo, Matt","DET","@ sea",1,"F,2-1","H",,0,,,,,,,2,,,,,,,,,,,,,,,,,,,,,,,,,,,,,"PH-LF",,4/17/2013
462564,"Uggla, Dan","ATL","v kan",1,"F,0-1","H",1,4,,,,,,,,,,2,,,,,,,,1,,,,,,,,,,,,,,,,,,"2B",,4/17/2013
425834,"Upton, B.J.","ATL","v kan",1,"F,0-1","H",1,4,,,,,,,,,,1,,,,,,,,1,,,,,,,,,,,,,,,,,,"CF",,4/17/2013
457708,"Upton, Justin","ATL","v kan",1,"F,0-1","H",1,4,1,,,,,,,,,2,,,,,,,,2,,,,,,,,,,,,,,,,,,"LF",,4/17/2013
346874,"Uribe, Juan","LAD","v sdg",1,"F,2-7","H",,1,,,,,,,,,,,,,,,,,,,,,,,,,,,,,,,,,,,,"3B",,4/17/2013
400284,"Utley, Chase","PHI","@ cin",1,"F,2-11","H",1,2,,,,,,,,,,,,,,,,,,1,,,,,,,,,,,,,,,,,,"2B",,4/17/2013
453362,"Valaika, Chris","MIA","v was",1,"F,1-6","H",1,4,1,1,,,1,,,,,,,,,,,1,,2,,,,,,,,,,,,,,,,,,"SS",,4/17/2013
461416,"Venable, Will","SDG","@ lad",1,"F,7-2","H",,3,1,,,,1,,,,,1,1,,,,,,,2,,,,,,,,,,,,,,,,,,"RF",,4/17/2013
493364,"Viciedo, Dayan","CHW","@ tor",1,"F,7-0","H",1,4,2,1,,,1,,,,,1,,,,,,,,1,,,,,,,,,,,,,,,,,,"LF",,4/17/2013
425664,"Victorino, Shane","BOS","@ cle",1,"F,6-3","H",1,3,3,,,,2,,,,1,,,,,1,,,,,,,,,,,,,,,,,,,,,,"RF",,4/17/2013
458015,"Votto, Joey","CIN","v phi",1,"F,11-2","H",1,3,,,,,1,,,,1,2,,,,,,,,4,,,,,,,,,,,,,,,,,,"1B",,4/17/2013
435522,"Walker, Neil","PIT","v stl",1,"F,5-0","H",1,4,2,1,,,,1,,,,,,,,,,,,1,,,,,,,,,,,,,,,,,,"2B",,4/17/2013
430001,"Weeks, Rickie","MIL","v sfo",1,"F,4-3","H",1,4,,,,,,,,,,1,,,,,,,,4,,,,,,,,,,,,,,,,,,"2B",,4/17/2013
150484,"Wells, Vernon","NYY","v ari",1,"F,4-3","H",1,4,1,1,,,,,,,,,,,,,,,,3,1,,,,,,,,,,,,,,,,,"LF",,4/17/2013
150029,"Werth, Jayson","WAS","@ mia",1,"F,6-1","H",1,4,,,,,1,,1,,,,,,,,,,,,,,,,,,,,,,,,,,,,,"RF",,4/17/2013
446308,"Wieters, Matt","BAL","v tam",1,"F,2-6","H",1,3,1,,,,,,1,,,1,,,,,,,,,,,,,,,,,,,,,,,,,,"C",,4/17/2013
421064,"Wigginton, Ty","STL","@ pit",1,"F,0-5","H",,1,,,,,,,,,,1,,,,,,,,,,,,,,,,,,,,,,,,,,"PH",,4/17/2013
425545,"Willingham, Josh","MIN","v laa",1,"pre","H",1,0,,,,,,,,,,,,,,,,,,,,,,,,,,,,,,,,,,,,"LF",,4/17/2013
425543,"Wilson, Josh","ARI","@ nyy",1,"F,3-4","H",1,3,1,,1,,1,,,,,1,,,,,,,,,,,,,,,,,,,,,,,,,,"2B",,4/17/2013
276547,"Wise, Dewayne","CHW","@ tor",1,"F,7-0","H",,1,,,,,,,,,,,,,,,,,,,,,,,,,,,,,,,,,,,,"PH-RF",,4/17/2013
425903,"Youkilis, Kevin","NYY","v ari",1,"F,4-3","H",1,3,,,,,,,,,1,1,,,,,,,,,,,,,,,,,,,,,,,,,,"1B",,4/17/2013
455759,"Young, Chris","OAK","v hou",1,"F,7-5","H",1,4,1,,,,1,1,1,,,1,,,,,,,,3,,,,,,,,,,,,,,,,,,"CF",,4/17/2013
276545,"Young, Michael","PHI","@ cin",1,"F,2-11","H",1,4,1,,,,,,,,,1,,,,,,,,1,1,,,,,,,,,,,,,,,,,"3B",,4/17/2013
475582,"Zimmerman, Ryan","WAS","@ mia",1,"F,6-1","H",1,4,,,,,,,,,,2,,,,,,,,5,,,,,,,,,,,,,,,,,,"3B",,4/17/2013
450314,"Zobrist, Ben","TAM","@ bal",1,"F,6-2","H",1,5,1,,,,,,,,,1,,,,,,,,1,,,,,,,,,,,,,,,,,,"RF",,4/17/2013
469686,"Aceves, Alfredo","BOS","@ cle",1,"F,6-3","P",1,,,,,,,,,,,,,,,,,,,,,5.0,7,3,3,3,,2,,,2,,1,,,,,"P",,4/17/2013
150359,"Burnett, A.J.","PIT","v stl",1,"F,5-0","P",1,2,,,,,,,,,,2,,,,,,,,,,7.0,1,0,0,0,,8,1,,,,1,,,,,"P",,4/17/2013
112526,"Colon, Bartolo","OAK","v hou",1,"F,7-5","P",1,,,,,,,,,,,,,,,,,,,,,6.0,4,1,1,0,,3,,1,,,1,,,,,"P",,4/17/2013
451584,"Davis, Wade","KAN","@ atl",1,"F,1-0","P",1,2,,,,,,,,,,1,,,,,,,,1,,7.0,5,0,0,0,,7,,,,,1,,,,,"P",,4/17/2013
446321,"Detwiler, Ross","WAS","@ mia",1,"F,6-1","P",1,3,,,,,,,,,,3,,,,,,,,1,,7.0,7,1,1,0,,5,,,,,1,,,,,"P",,4/17/2013
462102,"Hanson, Tommy","LAA","@ min",1,"pre","P",1,,,,,,,,,,,,,,,,,,,,,0.0,0,0,0,0,,0,,,,,,,,,,"P",,4/17/2013
457918,"Happ, J.A.","TOR","v chw",1,"F,0-7","P",1,,,,,,,,,,,,,,,,,,,,,5.2,6,5,5,1,,3,,,2,,,1,,,,"P",,4/17/2013
433587,"Hernandez, Felix","SEA","v det",1,"F,1-2","P",1,,,,,,,,,,,,,,,,,,,,,8.0,4,1,0,0,,12,,,,,,,,,,"P",,4/17/2013
477132,"Kershaw, Clayton","LAD","v sdg",1,"F,2-7","P",1,2,,,,,,,,,,,,,,,,,,1,,5.1,7,5,3,4,1,5,,,3,1,,1,,,,"P",,4/17/2013
458709,"Lannan, John","PHI","@ cin",1,"F,2-11","P",1,0,,,,,,,,,,,,,,,,,,,,1.2,8,6,6,1,,0,1,1,1,1,,1,,,,"P",,4/17/2013
502190,"Leake, Mike","CIN","v phi",1,"F,11-2","P",1,4,3,,1,,3,1,,,,,,,,,,,,,,7.0,3,0,0,0,,7,1,,,,1,,,,,"P",,4/17/2013
346798,"Lohse, Kyle","MIL","v sfo",1,"F,4-3","P",1,2,1,,,,,,,,,1,,,,,,,,,,7.0,6,3,3,1,,6,,,,,,,,,,"P",,4/17/2013
475416,"Masterson, Justin","CLE","v bos",1,"F,3-6","P",1,,,,,,,,,,,,,,,,,,,,,5.0,11,4,4,1,,5,1,,,,,1,,,,"P",,4/17/2013
489119,"Miley, Wade","ARI","@ nyy",1,"F,3-4","P",1,,,,,,,,,,,,,,,,,,,,,6.2,4,3,3,3,,3,1,,,,,,,,,"P",,4/17/2013
571946,"Miller, Shelby","STL","@ pit",1,"F,0-5","P",1,2,,,,,,,,,,2,,,,,,,,1,,6.0,6,2,2,1,,6,,,,,,1,,,,"P",,4/17/2013
501985,"Minor, Mike","ATL","v kan",1,"F,0-1","P",1,1,,,,,,,,,,1,,,,,,,,,,6.0,5,1,1,0,,5,,,,,,1,,,,"P",,4/17/2013
519043,"Moore, Matt","TAM","@ bal",1,"F,6-2","P",1,,,,,,,,,,,,,,,,,,,,,6.2,5,2,2,3,,7,,,1,,1,,,,,"P",,4/17/2013
445060,"Nolasco, Ricky","MIA","v was",1,"F,1-6","P",1,2,,,,,,,,,,2,,,,,,,,3,,6.0,7,4,4,0,,6,,,1,,,1,,,,"P",,4/17/2013
502032,"Norris, Bud","HOU","@ oak",1,"F,5-7","P",1,,,,,,,,,,,,,,,,,,,,,0.2,5,6,6,3,,0,,,,,,1,,,,"P",,4/17/2013
500779,"Quintana, Jose","CHW","@ tor",1,"F,7-0","P",1,,,,,,,,,,,,,,,,,,,,,6.2,5,0,0,2,,7,,,,1,1,,,,,"P",,4/17/2013
475115,"Ross, Tyson","SDG","@ lad",1,"F,7-2","P",1,2,1,,,,,,,,,,,,,,,,,2,,4.2,6,1,1,3,,2,,,,,,,,,,"P",,4/17/2013
282332,"Sabathia, CC","NYY","v ari",1,"F,4-3","P",1,,,,,,,,,,,,,,,,,,,,,8.0,6,3,3,1,,6,,,1,,1,,,,,"P",,4/17/2013
453286,"Scherzer, Max","DET","@ sea",1,"F,2-1","P",1,,,,,,,,,,,,,,,,,,,,,8.0,6,1,1,1,,12,,,,,,,,,,"P",,4/17/2013
501957,"Tillman, Chris","BAL","v tam",1,"F,2-6","P",1,,,,,,,,,,,,,,,,,,,,,5.0,6,4,4,2,,6,,,2,,,1,,,,"P",,4/17/2013
285064,"Vogelsong, Ryan","SFO","@ mil",1,"F,3-4","P",1,2,,,,,,,,,,1,,,,1,,,,1,,7.0,5,3,3,2,,5,,,1,,,,,,,"P",,4/17/2013
474699,"Worley, Vance","MIN","v laa",1,"pre","P",1,,,,,,,,,,,,,,,,,,,,,0.0,0,0,0,0,,0,,,,,,,,,,"P",,4/17/2013
456379,"Alburquerque, Al","DET","@ sea",1,"F,2-1","P",,,,,,,,,,,,,,,,,,,,,,2.0,1,0,0,0,,3,,,,,,,,,,"P",,4/17/2013
459932,"Ambriz, Hector","HOU","@ oak",1,"F,5-7","P",,,,,,,,,,,,,,,,,,,,,,1.1,0,0,0,0,,1,,,,,,,,,,"P",,4/17/2013
425646,"Ayala, Luis","ATL","v kan",1,"F,0-1","P",,0,,,,,,,,,,,,,,,,,,,,2.0,1,0,0,0,,2,,,,,,,,,,"P",,4/17/2013
488674,"Badenhop, Burke","MIL","v sfo",1,"F,4-3","P",,0,,,,,,,,,,,,,,,,,,,,1.0,0,0,0,0,,0,,,,,,,,,,"P",,4/17/2013
457732,"Bailey, Andrew","BOS","@ cle",1,"F,6-3","P",,,,,,,,,,,,,,,,,,,,,,1.0,0,0,0,0,,2,,,,,,,1,,,"P",,4/17/2013
346797,"Balfour, Grant","OAK","v hou",1,"F,7-5","P",,0,,,,,,,,,,,,,,,,,,,,1.0,2,1,1,0,,0,,,1,,,,1,,,"P",,4/17/2013
518444,"Beavan, Blake","SEA","v det",1,"F,1-2","P",,,,,,,,,,,,,,,,,,,,,,1.0,0,0,0,0,,0,,,,,,,,,,"P",,4/17/2013
430613,"Belisario, Ronald","LAD","v sdg",1,"F,2-7","P",,0,,,,,,,,,,,,,,,,,,,,1.0,2,0,0,1,,1,,,,,,,,,,"P",,4/17/2013
276542,"Benoit, Joaquin","DET","@ sea",1,"F,2-1","P",,,,,,,,,,,,,,,,,,,,,,1.0,2,0,0,0,,0,,,,,,,1,,,"P",,4/17/2013
542960,"Brach, Brad","SDG","@ lad",1,"F,7-2","P",,0,,,,,,,,,,,,,,,,,,,,1.1,0,0,0,1,,0,,,,,1,,,,,"P",,4/17/2013
605169,"Capps, Carter","SEA","v det",1,"F,1-2","P",,,,,,,,,,,,,,,,,,,,,,0.2,1,0,0,0,,1,,,,,,,,,,"P",,4/17/2013
433586,"Casilla, Santiago","SFO","@ mil",1,"F,3-4","P",,0,,,,,,,,,,,,,,,,,,,,1.1,4,1,1,2,2,0,,,,,,1,,,,"P",,4/17/2013
458584,"Cedeno, Xavier","HOU","@ oak",1,"F,5-7","P",,,,,,,,,,,,,,,,,,,,,,2.2,3,1,1,2,,1,,,,,,,,,,"P",,4/17/2013
329092,"Choate, Randy","STL","@ pit",1,"F,0-5","P",,0,,,,,,,,,,,,,,,,,,,,0.1,2,1,1,0,,0,,,,,,,,,,"P",,4/17/2013
518553,"Cishek, Steve","MIA","v was",1,"F,1-6","P",,0,,,,,,,,,,,,,,,,,,,,1.0,2,1,0,0,,1,,,,,,,,,,"P",,4/17/2013
461325,"Clippard, Tyler","WAS","@ mia",1,"F,6-1","P",,0,,,,,,,,,,,,,,,,,,,,1.0,0,0,0,0,,1,,,,,,,,,,"P",,4/17/2013
457435,"Coke, Phil","DET","@ sea",1,"F,2-1","P",,,,,,,,,,,,,,,,,,,,,,1.0,0,0,0,0,,1,,,,,,,,,,"P",,4/17/2013
475857,"Cook, Ryan","OAK","v hou",1,"F,7-5","P",,0,,,,,,,,,,,,,,,,,,,,1.1,1,0,0,0,,3,,,,,,,,,1,"P",,4/17/2013
430884,"Crain, Jesse","CHW","@ tor",1,"F,7-0","P",,,,,,,,,,,,,,,,,,,,,,1.1,1,0,0,0,,2,,,,,,,,,,"P",,4/17/2013
136734,"Dotel, Octavio","DET","@ sea",1,"F,2-1","P",,,,,,,,,,,,,,,,,,,,,,0.0,1,0,0,1,,0,,,,,,,,,,"P",,4/17/2013
445153,"Downs, Darin","DET","@ sea",1,"F,2-1","P",,,,,,,,,,,,,,,,,,,,,,0.1,0,0,0,0,,1,,,,,,,,,,"P",,4/17/2013
239795,"Durbin, Chad","PHI","@ cin",1,"F,2-11","P",,0,,,,,,,,,,,,,,,,,,,,2.0,1,0,0,0,,1,,,,,,,,,,"P",,4/17/2013
543178,"Freeman, Justin","CIN","v phi",1,"F,11-2","P",,0,,,,,,,,,,,,,,,,,,,,1.0,2,2,2,0,,0,,,1,,,,,,,"P",,4/17/2013
518703,"Furbush, Charlie","SEA","v det",1,"F,1-2","P",,,,,,,,,,,,,,,,,,,,,,1.0,1,1,1,2,,3,,,,,,1,,,,"P",,4/17/2013
518715,"Gearrin, Cory","ATL","v kan",1,"F,0-1","P",,0,,,,,,,,,,,,,,,,,,,,1.0,2,0,0,0,,1,,,,,,,,,,"P",,4/17/2013
502381,"Gregerson, Luke","SDG","@ lad",1,"F,7-2","P",,0,,,,,,,,,,,,,,,,,,,,1.0,0,0,0,0,,1,,,,,,,,,,"P",,4/17/2013
276351,"Grilli, Jason","PIT","v stl",1,"F,5-0","P",,0,,,,,,,,,,,,,,,,,,,,0.1,0,0,0,0,,1,,,,,,,,,,"P",,4/17/2013
449104,"Henderson, Jim","MIL","v sfo",1,"F,4-3","P",,0,,,,,,,,,,,,,,,,,,,,1.0,0,0,0,1,,1,,,,,1,,,,,"P",,4/17/2013
456696,"Hernandez, David","ARI","@ nyy",1,"F,3-4","P",,,,,,,,,,,,,,,,,,,,,,1.0,1,1,1,0,,2,,,1,,,1,,,,"P",,4/17/2013
516969,"Herrera, Kelvin","KAN","@ atl",1,"F,1-0","P",,0,,,,,,,,,,,,,,,,,,,,1.0,1,0,0,0,,1,,,,,,,,,1,"P",,4/17/2013
448179,"Hill, Rich","CLE","v bos",1,"F,3-6","P",,,,,,,,,,,,,,,,,,,,,,1.0,1,1,0,0,,1,,,,,,,,,,"P",,4/17/2013
518813,"Holland, Greg","KAN","@ atl",1,"F,1-0","P",,0,,,,,,,,,,,,,,,,,,,,1.0,0,0,0,0,,3,,,,,,,1,,,"P",,4/17/2013
456662,"Horst, Jeremy","PHI","@ cin",1,"F,2-11","P",,0,,,,,,,,,,,,,,,,,,,,1.0,0,0,0,1,,1,,,,,,,,,,"P",,4/17/2013
434442,"Howell, J.P.","LAD","v sdg",1,"F,2-7","P",,0,,,,,,,,,,,,,,,,,,,,1.0,4,2,2,0,,2,1,,,,,,,,,"P",,4/17/2013
488984,"Hunter, Tommy","BAL","v tam",1,"F,2-6","P",,,,,,,,,,,,,,,,,,,,,,1.2,1,0,0,0,,2,,,,,,,,,,"P",,4/17/2013
445276,"Jansen, Kenley","LAD","v sdg",1,"F,2-7","P",,0,,,,,,,,,,,,,,,,,,,,1.0,0,0,0,0,,1,1,,,,,,,,,"P",,4/17/2013
446372,"Kluber, Corey","CLE","v bos",1,"F,3-6","P",,,,,,,,,,,,,,,,,,,,,,1.0,3,1,1,0,,1,,,,,,,,,,"P",,4/17/2013
519008,"McFarland, T.J.","BAL","v tam",1,"F,2-6","P",,,,,,,,,,,,,,,,,,,,,,2.1,4,2,2,1,,3,,,,,,,,,,"P",,4/17/2013
459429,"McGee, Jake","TAM","@ bal",1,"F,6-2","P",,,,,,,,,,,,,,,,,,,,,,0.1,0,0,0,0,,1,,,,,,,,,1,"P",,4/17/2013
453343,"Melancon, Mark","PIT","v stl",1,"F,5-0","P",,0,,,,,,,,,,,,,,,,,,,,1.0,0,0,0,0,,1,,,,,,,,,1,"P",,4/17/2013
446185,"Ondrusek, Logan","CIN","v phi",1,"F,11-2","P",,0,,,,,,,,,,,,,,,,,,,,1.0,1,0,0,0,,0,,,,,,,,,,"P",,4/17/2013
150009,"Ortiz, Ramon","TOR","v chw",1,"F,0-7","P",,,,,,,,,,,,,,,,,,,,,,3.1,5,2,2,1,,2,,,,,,,,,,"P",,4/17/2013
407908,"Peralta, Joel","TAM","@ bal",1,"F,6-2","P",,,,,,,,,,,,,,,,,,,,,,1.0,0,0,0,1,,0,,,,,,,,,,"P",,4/17/2013
424144,"Perez, Oliver","SEA","v det",1,"F,1-2","P",,,,,,,,,,,,,,,,,,1,,,,1.1,0,0,0,2,1,2,,,,,,,,,,"P",,4/17/2013
502260,"Pestano, Vinnie","CLE","v bos",1,"F,3-6","P",,,,,,,,,,,,,,,,,,,,,,1.0,0,0,0,0,,2,,,,,,,,,,"P",,4/17/2013
430589,"Qualls, Chad","MIA","v was",1,"F,1-6","P",,0,,,,,,,,,,,,,,,,,,,,1.0,0,0,0,0,,1,,,,,,,,,,"P",,4/17/2013
434592,"Resop, Chris","OAK","v hou",1,"F,7-5","P",,,,,,,,,,,,,,,,,,,,,,0.2,4,3,3,1,,1,,,1,1,,,,,,"P",,4/17/2013
453385,"Richard, Clayton","SDG","@ lad",1,"F,7-2","P",,0,,,,,,,,,,,,,,,,,,,,,,,,,,,,,,,,,,,,"PR",,4/17/2013
121250,"Rivera, Mariano","NYY","v ari",1,"F,4-3","P",,,,,,,,,,,,,,,,,,,,,,1.0,0,0,0,0,,0,,,,,,,1,,,"P",,4/17/2013
407845,"Rodney, Fernando","TAM","@ bal",1,"F,6-2","P",,,,,,,,,,,,,,,,,,,,,,1.0,0,0,0,1,,1,,,,,,,,,,"P",,4/17/2013
572089,"Rodriguez, Paco","LAD","v sdg",1,"F,2-7","P",,0,,,,,,,,,,,,,,,,,,,,0.2,0,0,0,0,,2,,,,,,,,,,"P",,4/17/2013
572096,"Rosenthal, Trevor","STL","@ pit",1,"F,0-5","P",,0,,,,,,,,,,,,,,,,,,,,1.0,3,2,1,0,,1,,,,,,,,,,"P",,4/17/2013
477569,"Salas, Fernando","STL","@ pit",1,"F,0-5","P",,0,,,,,,,,,,,,,,,,,,,,0.2,0,0,0,0,,1,,,,,,,,,,"P",,4/17/2013
448609,"Sipp, Tony","ARI","@ nyy",1,"F,3-4","P",,,,,,,,,,,,,,,,,,,,,,0.0,1,0,0,0,,0,,,,,,,,1,,"P",,4/17/2013
501925,"Smith, Joe","CLE","v bos",1,"F,3-6","P",,,,,,,,,,,,,,,,,,1,,,,1.0,0,0,0,0,,1,,,,,,,,,,"P",,4/17/2013
592767,"Smyly, Drew","DET","@ sea",1,"F,2-1","P",,,,,,,,,,,,,,,,,,,,,,1.0,1,0,0,0,,1,,,,,1,,,,,"P",,4/17/2013
400089,"Soriano, Rafael","WAS","@ mia",1,"F,6-1","P",,0,,,,,,,,,,,,,,,,,,,,1.0,0,0,0,0,,2,,,,,,,,,,"P",,4/17/2013
434718,"Street, Huston","SDG","@ lad",1,"F,7-2","P",,0,,,,,,,,,,,,,,,,,,,,1.0,1,1,1,2,,1,,,,,,,,,,"P",,4/17/2013
547749,"Tazawa, Junichi","BOS","@ cle",1,"F,6-3","P",,,,,,,,,,,,,,,,,,,,,,2.0,0,0,0,0,,4,,,,,,,,,1,"P",,4/17/2013
491159,"Thatcher, Joe","SDG","@ lad",1,"F,7-2","P",,0,,,,,,,,,,,,,,,,,,,,0.1,2,0,0,0,,0,,,,,,,,,,"P",,4/17/2013
445612,"Thayer, Dale","SDG","@ lad",1,"F,7-2","P",,0,,,,,,,,,,,,,,,,,,,,0.2,1,0,0,0,,1,,,,,,,,,,"P",,4/17/2013
493157,"Uehara, Koji","BOS","@ cle",1,"F,6-3","P",,,,,,,,,,,,,,,,,,,,,,1.0,0,0,0,0,,2,,,,,,,,,1,"P",,4/17/2013
447744,"Valdes, Raul","PHI","@ cin",1,"F,2-11","P",,1,1,1,,,,,,,,,,,,,,,,,,3.1,6,5,5,1,,4,,,1,,,,,,,"P",,4/17/2013
453264,"Veal, Donnie","CHW","@ tor",1,"F,7-0","P",,,,,,,,,,,,,,,,,,,,,,1.0,0,0,0,0,,1,,,,,,,,,,"P",,4/17/2013
407842,"Veras, Jose","HOU","@ oak",1,"F,5-7","P",,,,,,,,,,,,,,,,,,,,,,1.0,1,0,0,0,,1,,,,,,,,,,"P",,4/17/2013
500903,"Villarreal, Brayan","DET","@ sea",1,"F,2-1","P",,,,,,,,,,,,,,,,,,,,,,0.2,0,0,0,2,,1,,,,,,,,,,"P",,4/17/2013
453265,"Watson, Tony","PIT","v stl",1,"F,5-0","P",,0,,,,,,,,,,,,,,,,,,,,0.2,0,0,0,0,,1,,,,,,,,,,"P",,4/17/2013
444436,"Webb, Ryan","MIA","v was",1,"F,1-6","P",,0,,,,,,,,,,,,,,,,,,,,1.0,2,1,1,1,,2,,,,,,,,,,"P",,4/17/2013
452666,"Wilhelmsen, Tom","SEA","v det",1,"F,1-2","P",,,,,,,,,,,,,,,,,,,,,,2.0,1,0,0,0,,3,,,,,,,,,,"P",,4/17/2013
449079,"Wright, Wesley","HOU","@ oak",1,"F,5-7","P",,,,,,,,,,,,,,,,,,,,,,2.1,2,0,0,1,,1,,,,,,,,,,"P",,4/17/2013
446899,"Ziegler, Brad","ARI","@ nyy",1,"F,3-4","P",,,,,,,,,,,,,,,,,,,,,,0.1,0,0,0,0,,0,,,,,,,,,,"P",,4/17/2013
