2008-04-04,0,ANA,TEX,ANA01
2008-04-05,0,ANA,TEX,ANA01
2008-04-06,0,ANA,TEX,ANA01
2008-04-07,0,ANA,CLE,ANA01
2008-04-08,0,ANA,CLE,ANA01
2008-04-09,0,ANA,CLE,ANA01
2008-04-16,0,ANA,KCA,ANA01
2008-04-17,0,ANA,KCA,ANA01
2008-04-18,0,ANA,SEA,ANA01
2008-04-19,0,ANA,SEA,ANA01
2008-04-20,0,ANA,SEA,ANA01
2008-04-28,0,ANA,OAK,ANA01
2008-04-29,0,ANA,OAK,ANA01
2008-04-30,0,ANA,OAK,ANA01
2008-05-01,0,ANA,OAK,ANA01
2008-05-02,0,ANA,BAL,ANA01
2008-05-03,0,ANA,BAL,ANA01
2008-05-04,0,ANA,BAL,ANA01
2008-05-12,0,ANA,CHA,ANA01
2008-05-13,0,ANA,CHA,ANA01
2008-05-14,0,ANA,CHA,ANA01
2008-05-15,0,ANA,CHA,ANA01
2008-05-16,0,ANA,LAN,ANA01
2008-05-17,0,ANA,LAN,ANA01
2008-05-18,0,ANA,LAN,ANA01
2008-05-26,0,ANA,DET,ANA01
2008-05-27,0,ANA,DET,ANA01
2008-05-28,0,ANA,DET,ANA01
2008-05-30,0,ANA,TOR,ANA01
2008-05-31,0,ANA,TOR,ANA01
2008-06-01,0,ANA,TOR,ANA01
2008-06-09,0,ANA,TBA,ANA01
2008-06-10,0,ANA,TBA,ANA01
2008-06-11,0,ANA,TBA,ANA01
2008-06-13,0,ANA,ATL,ANA01
2008-06-14,0,ANA,ATL,ANA01
2008-06-15,0,ANA,ATL,ANA01
2008-06-16,0,ANA,NYN,ANA01
2008-06-17,0,ANA,NYN,ANA01
2008-06-18,0,ANA,NYN,ANA01
2008-06-30,0,ANA,OAK,ANA01
2008-07-01,0,ANA,OAK,ANA01
2008-07-02,0,ANA,OAK,ANA01
2008-07-04,0,ANA,TOR,ANA01
2008-07-05,0,ANA,TOR,ANA01
2008-07-06,0,ANA,TOR,ANA01
2008-07-18,0,ANA,BOS,ANA01
2008-07-19,0,ANA,BOS,ANA01
2008-07-20,0,ANA,BOS,ANA01
2008-07-21,0,ANA,CLE,ANA01
2008-07-22,0,ANA,CLE,ANA01
2008-07-23,0,ANA,CLE,ANA01
2008-08-04,0,ANA,BAL,ANA01
2008-08-05,0,ANA,BAL,ANA01
2008-08-06,0,ANA,BAL,ANA01
2008-08-08,0,ANA,NYA,ANA01
2008-08-09,0,ANA,NYA,ANA01
2008-08-10,0,ANA,NYA,ANA01
2008-08-12,0,ANA,SEA,ANA01
2008-08-13,0,ANA,SEA,ANA01
2008-08-21,0,ANA,MIN,ANA01
2008-08-22,0,ANA,MIN,ANA01
2008-08-23,0,ANA,MIN,ANA01
2008-08-24,0,ANA,MIN,ANA01
2008-08-25,0,ANA,OAK,ANA01
2008-08-26,0,ANA,OAK,ANA01
2008-08-27,0,ANA,OAK,ANA01
2008-08-28,0,ANA,TEX,ANA01
2008-08-29,0,ANA,TEX,ANA01
2008-08-30,0,ANA,TEX,ANA01
2008-08-31,0,ANA,TEX,ANA01
2008-09-08,0,ANA,NYA,ANA01
2008-09-09,0,ANA,NYA,ANA01
2008-09-10,0,ANA,NYA,ANA01
2008-09-11,0,ANA,SEA,ANA01
2008-09-12,0,ANA,SEA,ANA01
2008-09-13,0,ANA,SEA,ANA01
2008-09-14,0,ANA,SEA,ANA01
2008-09-26,0,ANA,TEX,ANA01
2008-09-27,0,ANA,TEX,ANA01
2008-04-07,0,ARI,LAN,PHO01
2008-04-08,0,ARI,LAN,PHO01
2008-04-09,0,ARI,LAN,PHO01
2008-04-11,0,ARI,COL,PHO01
2008-04-12,0,ARI,COL,PHO01
2008-04-13,0,ARI,COL,PHO01
2008-04-18,0,ARI,SDN,PHO01
2008-04-19,0,ARI,SDN,PHO01
2008-04-20,0,ARI,SDN,PHO01
2008-04-21,0,ARI,SFN,PHO01
2008-04-22,0,ARI,SFN,PHO01
2008-04-28,0,ARI,HOU,PHO01
2008-04-29,0,ARI,HOU,PHO01
2008-04-30,0,ARI,HOU,PHO01
2008-05-02,0,ARI,NYN,PHO01
2008-05-03,0,ARI,NYN,PHO01
2008-05-04,0,ARI,NYN,PHO01
2008-05-05,0,ARI,PHI,PHO01
2008-05-06,0,ARI,PHI,PHO01
2008-05-07,0,ARI,PHI,PHO01
2008-05-08,0,ARI,PHI,PHO01
2008-05-13,0,ARI,COL,PHO01
2008-05-14,0,ARI,COL,PHO01
2008-05-15,0,ARI,COL,PHO01
2008-05-16,0,ARI,DET,PHO01
2008-05-17,0,ARI,DET,PHO01
2008-05-18,0,ARI,DET,PHO01
2008-05-27,0,ARI,SFN,PHO01
2008-05-28,0,ARI,SFN,PHO01
2008-05-29,0,ARI,SFN,PHO01
2008-05-30,0,ARI,WAS,PHO01
2008-05-31,0,ARI,WAS,PHO01
2008-06-01,0,ARI,WAS,PHO01
2008-06-13,0,ARI,KCA,PHO01
2008-06-14,0,ARI,KCA,PHO01
2008-06-15,0,ARI,KCA,PHO01
2008-06-17,0,ARI,OAK,PHO01
2008-06-18,0,ARI,OAK,PHO01
2008-06-19,0,ARI,OAK,PHO01
2008-06-30,0,ARI,MIL,PHO01
2008-07-01,0,ARI,MIL,PHO01
2008-07-02,0,ARI,MIL,PHO01
2008-07-03,0,ARI,MIL,PHO01
2008-07-04,0,ARI,SDN,PHO01
2008-07-05,0,ARI,SDN,PHO01
2008-07-06,0,ARI,SDN,PHO01
2008-07-18,0,ARI,LAN,PHO01
2008-07-19,0,ARI,LAN,PHO01
2008-07-20,0,ARI,LAN,PHO01
2008-07-21,0,ARI,CHN,PHO01
2008-07-22,0,ARI,CHN,PHO01
2008-07-23,0,ARI,CHN,PHO01
2008-08-04,0,ARI,PIT,PHO01
2008-08-05,0,ARI,PIT,PHO01
2008-08-06,0,ARI,PIT,PHO01
2008-08-07,0,ARI,ATL,PHO01
2008-08-08,0,ARI,ATL,PHO01
2008-08-09,0,ARI,ATL,PHO01
2008-08-10,0,ARI,ATL,PHO01
2008-08-19,0,ARI,SDN,PHO01
2008-08-20,0,ARI,SDN,PHO01
2008-08-21,0,ARI,SDN,PHO01
2008-08-22,0,ARI,FLO,PHO01
2008-08-23,0,ARI,FLO,PHO01
2008-08-24,0,ARI,FLO,PHO01
2008-08-29,0,ARI,LAN,PHO01
2008-08-30,0,ARI,LAN,PHO01
2008-08-31,0,ARI,LAN,PHO01
2008-09-01,0,ARI,SLN,PHO01
2008-09-02,0,ARI,SLN,PHO01
2008-09-03,0,ARI,SLN,PHO01
2008-09-12,0,ARI,CIN,PHO01
2008-09-13,0,ARI,CIN,PHO01
2008-09-14,0,ARI,CIN,PHO01
2008-09-15,0,ARI,SFN,PHO01
2008-09-16,0,ARI,SFN,PHO01
2008-09-17,0,ARI,SFN,PHO01
2008-09-18,0,ARI,SFN,PHO01
2008-09-26,0,ARI,COL,PHO01
2008-09-27,0,ARI,COL,PHO01
2008-03-31,0,ATL,PIT,ATL02
2008-04-02,0,ATL,PIT,ATL02
2008-04-03,0,ATL,PIT,ATL02
2008-04-05,0,ATL,NYN,ATL02
2008-04-06,0,ATL,NYN,ATL02
2008-04-18,0,ATL,LAN,ATL02
2008-04-19,0,ATL,LAN,ATL02
2008-04-20,0,ATL,LAN,ATL02
2008-04-21,0,ATL,WAS,ATL02
2008-04-22,0,ATL,WAS,ATL02
2008-04-23,0,ATL,FLO,ATL02
2008-04-24,0,ATL,FLO,ATL02
2008-05-02,0,ATL,CIN,ATL02
2008-05-03,0,ATL,CIN,ATL02
2008-05-04,0,ATL,CIN,ATL02
2008-05-06,0,ATL,SDN,ATL02
2008-05-07,0,ATL,SDN,ATL02
2008-05-08,0,ATL,SDN,ATL02
2008-05-16,0,ATL,OAK,ATL02
2008-05-17,0,ATL,OAK,ATL02
2008-05-18,0,ATL,OAK,ATL02
2008-05-20,1,ATL,NYN,ATL02
2008-05-20,2,ATL,NYN,ATL02
2008-05-21,0,ATL,NYN,ATL02
2008-05-22,0,ATL,NYN,ATL02
2008-05-23,0,ATL,ARI,ATL02
2008-05-24,0,ATL,ARI,ATL02
2008-05-25,0,ATL,ARI,ATL02
2008-05-26,0,ATL,ARI,ATL02
2008-06-02,0,ATL,FLO,ATL02
2008-06-03,0,ATL,FLO,ATL02
2008-06-04,0,ATL,FLO,ATL02
2008-06-05,0,ATL,FLO,ATL02
2008-06-06,0,ATL,PHI,ATL02
2008-06-07,0,ATL,PHI,ATL02
2008-06-08,0,ATL,PHI,ATL02
2008-06-20,0,ATL,SEA,ATL02
2008-06-21,0,ATL,SEA,ATL02
2008-06-22,0,ATL,SEA,ATL02
2008-06-23,0,ATL,MIL,ATL02
2008-06-24,0,ATL,MIL,ATL02
2008-06-25,0,ATL,MIL,ATL02
2008-07-01,0,ATL,PHI,ATL02
2008-07-02,0,ATL,PHI,ATL02
2008-07-03,0,ATL,PHI,ATL02
2008-07-04,0,ATL,HOU,ATL02
2008-07-05,0,ATL,HOU,ATL02
2008-07-06,0,ATL,HOU,ATL02
2008-07-18,0,ATL,WAS,ATL02
2008-07-19,0,ATL,WAS,ATL02
2008-07-20,0,ATL,WAS,ATL02
2008-07-28,0,ATL,SLN,ATL02
2008-07-29,0,ATL,SLN,ATL02
2008-07-30,0,ATL,SLN,ATL02
2008-07-31,0,ATL,SLN,ATL02
2008-08-01,0,ATL,MIL,ATL02
2008-08-02,0,ATL,MIL,ATL02
2008-08-03,0,ATL,MIL,ATL02
2008-08-13,1,ATL,CHN,ATL02
2008-08-13,2,ATL,CHN,ATL02
2008-08-14,0,ATL,CHN,ATL02
2008-08-15,0,ATL,SFN,ATL02
2008-08-16,0,ATL,SFN,ATL02
2008-08-17,0,ATL,SFN,ATL02
2008-08-18,0,ATL,SFN,ATL02
2008-08-26,0,ATL,FLO,ATL02
2008-08-27,0,ATL,FLO,ATL02
2008-08-28,0,ATL,FLO,ATL02
2008-09-04,0,ATL,WAS,ATL02
2008-09-05,0,ATL,WAS,ATL02
2008-09-06,0,ATL,WAS,ATL02
2008-09-07,0,ATL,WAS,ATL02
2008-09-09,0,ATL,COL,ATL02
2008-09-10,0,ATL,COL,ATL02
2008-09-11,0,ATL,COL,ATL02
2008-09-16,0,ATL,PHI,ATL02
2008-09-17,0,ATL,PHI,ATL02
2008-09-18,0,ATL,PHI,ATL02
2008-09-19,0,ATL,NYN,ATL02
2008-09-20,0,ATL,NYN,ATL02
2008-03-31,0,BAL,TBA,BAL12
2008-04-02,0,BAL,TBA,BAL12
2008-04-04,0,BAL,SEA,BAL12
2008-04-05,0,BAL,SEA,BAL12
2008-04-06,0,BAL,SEA,BAL12
2008-04-07,0,BAL,SEA,BAL12
2008-04-14,0,BAL,TOR,BAL12
2008-04-15,0,BAL,TOR,BAL12
2008-04-16,0,BAL,CHA,BAL12
2008-04-17,0,BAL,CHA,BAL12
2008-04-18,0,BAL,NYA,BAL12
2008-04-19,0,BAL,NYA,BAL12
2008-04-20,0,BAL,NYA,BAL12
2008-04-29,0,BAL,TBA,BAL12
2008-04-30,0,BAL,TBA,BAL12
2008-05-01,0,BAL,TBA,BAL12
2008-05-13,0,BAL,BOS,BAL12
2008-05-14,0,BAL,BOS,BAL12
2008-05-16,0,BAL,WAS,BAL12
2008-05-17,0,BAL,WAS,BAL12
2008-05-18,0,BAL,WAS,BAL12
2008-05-26,0,BAL,NYA,BAL12
2008-05-27,0,BAL,NYA,BAL12
2008-05-28,0,BAL,NYA,BAL12
2008-05-30,0,BAL,BOS,BAL12
2008-05-31,0,BAL,BOS,BAL12
2008-06-01,0,BAL,BOS,BAL12
2008-06-02,0,BAL,BOS,BAL12
2008-06-13,0,BAL,PIT,BAL12
2008-06-14,0,BAL,PIT,BAL12
2008-06-15,0,BAL,PIT,BAL12
2008-06-17,0,BAL,HOU,BAL12
2008-06-18,0,BAL,HOU,BAL12
2008-06-19,0,BAL,HOU,BAL12
2008-06-30,0,BAL,KCA,BAL12
2008-07-01,0,BAL,KCA,BAL12
2008-07-02,0,BAL,KCA,BAL12
2008-07-03,0,BAL,KCA,BAL12
2008-07-04,0,BAL,TEX,BAL12
2008-07-05,0,BAL,TEX,BAL12
2008-07-06,0,BAL,TEX,BAL12
2008-07-17,0,BAL,DET,BAL12
2008-07-18,0,BAL,DET,BAL12
2008-07-19,0,BAL,DET,BAL12
2008-07-20,0,BAL,DET,BAL12
2008-07-21,0,BAL,TOR,BAL12
2008-07-22,0,BAL,TOR,BAL12
2008-07-23,0,BAL,TOR,BAL12
2008-07-24,0,BAL,TOR,BAL12
2008-07-25,0,BAL,ANA,BAL12
2008-07-26,0,BAL,ANA,BAL12
2008-07-27,0,BAL,ANA,BAL12
2008-08-08,0,BAL,TEX,BAL12
2008-08-09,0,BAL,TEX,BAL12
2008-08-10,0,BAL,TEX,BAL12
2008-08-18,0,BAL,BOS,BAL12
2008-08-19,0,BAL,BOS,BAL12
2008-08-20,0,BAL,BOS,BAL12
2008-08-22,0,BAL,NYA,BAL12
2008-08-23,0,BAL,NYA,BAL12
2008-08-24,0,BAL,NYA,BAL12
2008-08-25,0,BAL,CHA,BAL12
2008-08-26,0,BAL,CHA,BAL12
2008-08-27,0,BAL,CHA,BAL12
2008-09-05,0,BAL,OAK,BAL12
2008-09-06,0,BAL,OAK,BAL12
2008-09-08,0,BAL,CLE,BAL12
2008-09-09,0,BAL,CLE,BAL12
2008-09-10,0,BAL,CLE,BAL12
2008-09-11,0,BAL,CLE,BAL12
2008-09-13,1,BAL,MIN,BAL12
2008-09-13,2,BAL,MIN,BAL12
2008-09-14,0,BAL,MIN,BAL12
2008-09-22,0,BAL,TBA,BAL12
2008-09-23,1,BAL,TBA,BAL12
2008-09-23,2,BAL,TBA,BAL12
2008-09-24,0,BAL,TBA,BAL12
2008-09-26,0,BAL,TOR,BAL12
2008-09-27,0,BAL,TOR,BAL12
2008-04-08,0,BOS,DET,BOS07
2008-04-09,0,BOS,DET,BOS07
2008-04-10,0,BOS,DET,BOS07
2008-04-11,0,BOS,NYA,BOS07
2008-04-12,0,BOS,NYA,BOS07
2008-04-13,0,BOS,NYA,BOS07
2008-04-18,0,BOS,TEX,BOS07
2008-04-19,0,BOS,TEX,BOS07
2008-04-20,0,BOS,TEX,BOS07
2008-04-21,0,BOS,TEX,BOS07
2008-04-22,0,BOS,ANA,BOS07
2008-04-23,0,BOS,ANA,BOS07
2008-04-24,0,BOS,ANA,BOS07
2008-04-29,0,BOS,TOR,BOS07
2008-04-30,0,BOS,TOR,BOS07
2008-05-01,0,BOS,TOR,BOS07
2008-05-02,0,BOS,TBA,BOS07
2008-05-03,0,BOS,TBA,BOS07
2008-05-04,0,BOS,TBA,BOS07
2008-05-17,1,BOS,MIL,BOS07
2008-05-17,2,BOS,MIL,BOS07
2008-05-18,0,BOS,MIL,BOS07
2008-05-19,0,BOS,KCA,BOS07
2008-05-20,0,BOS,KCA,BOS07
2008-05-21,0,BOS,KCA,BOS07
2008-05-22,0,BOS,KCA,BOS07
2008-06-03,0,BOS,TBA,BOS07
2008-06-04,0,BOS,TBA,BOS07
2008-06-05,0,BOS,TBA,BOS07
2008-06-06,0,BOS,SEA,BOS07
2008-06-07,0,BOS,SEA,BOS07
2008-06-08,0,BOS,SEA,BOS07
2008-06-10,0,BOS,BAL,BOS07
2008-06-11,0,BOS,BAL,BOS07
2008-06-12,0,BOS,BAL,BOS07
2008-06-20,0,BOS,SLN,BOS07
2008-06-21,0,BOS,SLN,BOS07
2008-06-22,0,BOS,SLN,BOS07
2008-06-23,0,BOS,ARI,BOS07
2008-06-24,0,BOS,ARI,BOS07
2008-06-25,0,BOS,ARI,BOS07
2008-07-07,0,BOS,MIN,BOS07
2008-07-08,0,BOS,MIN,BOS07
2008-07-09,0,BOS,MIN,BOS07
2008-07-11,0,BOS,BAL,BOS07
2008-07-12,0,BOS,BAL,BOS07
2008-07-13,0,BOS,BAL,BOS07
2008-07-25,0,BOS,NYA,BOS07
2008-07-26,0,BOS,NYA,BOS07
2008-07-27,0,BOS,NYA,BOS07
2008-07-28,0,BOS,ANA,BOS07
2008-07-29,0,BOS,ANA,BOS07
2008-07-30,0,BOS,ANA,BOS07
2008-08-01,0,BOS,OAK,BOS07
2008-08-02,0,BOS,OAK,BOS07
2008-08-03,0,BOS,OAK,BOS07
2008-08-12,0,BOS,TEX,BOS07
2008-08-13,0,BOS,TEX,BOS07
2008-08-14,0,BOS,TEX,BOS07
2008-08-16,0,BOS,TOR,BOS07
2008-08-17,0,BOS,TOR,BOS07
2008-08-29,0,BOS,CHA,BOS07
2008-08-30,0,BOS,CHA,BOS07
2008-08-31,0,BOS,CHA,BOS07
2008-09-01,0,BOS,BAL,BOS07
2008-09-02,0,BOS,BAL,BOS07
2008-09-03,0,BOS,BAL,BOS07
2008-09-08,0,BOS,TBA,BOS07
2008-09-09,0,BOS,TBA,BOS07
2008-09-10,0,BOS,TBA,BOS07
2008-09-12,0,BOS,TOR,BOS07
2008-09-13,1,BOS,TOR,BOS07
2008-09-13,2,BOS,TOR,BOS07
2008-09-14,0,BOS,TOR,BOS07
2008-09-22,0,BOS,CLE,BOS07
2008-09-23,0,BOS,CLE,BOS07
2008-09-24,0,BOS,CLE,BOS07
2008-09-25,0,BOS,CLE,BOS07
2008-09-26,0,BOS,NYA,BOS07
2008-09-28,1,BOS,NYA,BOS07
2008-04-07,0,CHA,MIN,CHI12
2008-04-09,0,CHA,MIN,CHI12
2008-04-11,0,CHA,DET,CHI12
2008-04-12,0,CHA,DET,CHI12
2008-04-13,0,CHA,DET,CHI12
2008-04-14,0,CHA,OAK,CHI12
2008-04-15,0,CHA,OAK,CHI12
2008-04-22,0,CHA,NYA,CHI12
2008-04-23,0,CHA,NYA,CHI12
2008-04-24,0,CHA,NYA,CHI12
2008-04-26,1,CHA,BAL,CHI12
2008-04-26,2,CHA,BAL,CHI12
2008-04-27,0,CHA,BAL,CHI12
2008-04-28,0,CHA,BAL,CHI12
2008-05-06,0,CHA,MIN,CHI12
2008-05-07,0,CHA,MIN,CHI12
2008-05-08,0,CHA,MIN,CHI12
2008-05-20,0,CHA,CLE,CHI12
2008-05-21,0,CHA,CLE,CHI12
2008-05-22,0,CHA,CLE,CHI12
2008-05-23,0,CHA,ANA,CHI12
2008-05-24,0,CHA,ANA,CHI12
2008-05-25,0,CHA,ANA,CHI12
2008-06-03,0,CHA,KCA,CHI12
2008-06-04,0,CHA,KCA,CHI12
2008-06-05,0,CHA,KCA,CHI12
2008-06-06,0,CHA,MIN,CHI12
2008-06-07,0,CHA,MIN,CHI12
2008-06-08,0,CHA,MIN,CHI12
2008-06-09,0,CHA,MIN,CHI12
2008-06-13,0,CHA,COL,CHI12
2008-06-14,0,CHA,COL,CHI12
2008-06-15,0,CHA,COL,CHI12
2008-06-17,0,CHA,PIT,CHI12
2008-06-18,0,CHA,PIT,CHI12
2008-06-19,0,CHA,PIT,CHI12
2008-06-27,0,CHA,CHN,CHI12
2008-06-28,0,CHA,CHN,CHI12
2008-06-29,0,CHA,CHN,CHI12
2008-06-30,0,CHA,CLE,CHI12
2008-07-01,0,CHA,CLE,CHI12
2008-07-02,0,CHA,CLE,CHI12
2008-07-03,0,CHA,OAK,CHI12
2008-07-04,0,CHA,OAK,CHI12
2008-07-05,0,CHA,OAK,CHI12
2008-07-06,0,CHA,OAK,CHI12
2008-07-18,0,CHA,KCA,CHI12
2008-07-19,0,CHA,KCA,CHI12
2008-07-20,0,CHA,KCA,CHI12
2008-07-21,0,CHA,TEX,CHI12
2008-07-22,0,CHA,TEX,CHI12
2008-07-23,0,CHA,TEX,CHI12
2008-08-05,0,CHA,DET,CHI12
2008-08-06,0,CHA,DET,CHI12
2008-08-07,0,CHA,DET,CHI12
2008-08-08,0,CHA,BOS,CHI12
2008-08-09,0,CHA,BOS,CHI12
2008-08-10,0,CHA,BOS,CHI12
2008-08-11,0,CHA,BOS,CHI12
2008-08-12,0,CHA,KCA,CHI12
2008-08-13,0,CHA,KCA,CHI12
2008-08-14,0,CHA,KCA,CHI12
2008-08-18,0,CHA,SEA,CHI12
2008-08-19,0,CHA,SEA,CHI12
2008-08-20,0,CHA,SEA,CHI12
2008-08-22,0,CHA,TBA,CHI12
2008-08-23,0,CHA,TBA,CHI12
2008-08-24,0,CHA,TBA,CHI12
2008-09-05,0,CHA,ANA,CHI12
2008-09-06,0,CHA,ANA,CHI12
2008-09-07,0,CHA,ANA,CHI12
2008-09-09,1,CHA,TOR,CHI12
2008-09-09,2,CHA,TOR,CHI12
2008-09-10,0,CHA,TOR,CHI12
2008-09-11,0,CHA,TOR,CHI12
2008-09-14,1,CHA,DET,CHI12
2008-09-14,2,CHA,DET,CHI12
2008-09-26,0,CHA,CLE,CHI12
2008-09-27,0,CHA,CLE,CHI12
2008-09-28,0,CHA,CLE,CHI12
2008-09-29,0,CHA,DET,CHI12
2008-03-31,0,CHN,MIL,CHI11
2008-04-02,0,CHN,MIL,CHI11
2008-04-03,0,CHN,MIL,CHI11
2008-04-04,0,CHN,HOU,CHI11
2008-04-05,0,CHN,HOU,CHI11
2008-04-06,0,CHN,HOU,CHI11
2008-04-15,0,CHN,CIN,CHI11
2008-04-16,0,CHN,CIN,CHI11
2008-04-17,0,CHN,CIN,CHI11
2008-04-18,0,CHN,PIT,CHI11
2008-04-19,0,CHN,PIT,CHI11
2008-04-20,0,CHN,PIT,CHI11
2008-04-21,0,CHN,NYN,CHI11
2008-04-22,0,CHN,NYN,CHI11
2008-04-29,0,CHN,MIL,CHI11
2008-04-30,0,CHN,MIL,CHI11
2008-05-01,0,CHN,MIL,CHI11
2008-05-09,0,CHN,ARI,CHI11
2008-05-10,0,CHN,ARI,CHI11
2008-05-11,0,CHN,ARI,CHI11
2008-05-12,0,CHN,SDN,CHI11
2008-05-13,0,CHN,SDN,CHI11
2008-05-14,0,CHN,SDN,CHI11
2008-05-15,0,CHN,SDN,CHI11
2008-05-16,0,CHN,PIT,CHI11
2008-05-17,0,CHN,PIT,CHI11
2008-05-18,0,CHN,PIT,CHI11
2008-05-26,0,CHN,LAN,CHI11
2008-05-27,0,CHN,LAN,CHI11
2008-05-28,0,CHN,LAN,CHI11
2008-05-29,0,CHN,COL,CHI11
2008-05-30,0,CHN,COL,CHI11
2008-05-31,0,CHN,COL,CHI11
2008-06-01,0,CHN,COL,CHI11
2008-06-10,0,CHN,ATL,CHI11
2008-06-11,0,CHN,ATL,CHI11
2008-06-12,0,CHN,ATL,CHI11
2008-06-20,0,CHN,CHA,CHI11
2008-06-21,0,CHN,CHA,CHI11
2008-06-22,0,CHN,CHA,CHI11
2008-06-24,0,CHN,BAL,CHI11
2008-06-25,0,CHN,BAL,CHI11
2008-06-26,0,CHN,BAL,CHI11
2008-07-08,0,CHN,CIN,CHI11
2008-07-09,0,CHN,CIN,CHI11
2008-07-10,0,CHN,CIN,CHI11
2008-07-11,0,CHN,SFN,CHI11
2008-07-12,0,CHN,SFN,CHI11
2008-07-13,0,CHN,SFN,CHI11
2008-07-24,0,CHN,FLO,CHI11
2008-07-25,0,CHN,FLO,CHI11
2008-07-26,0,CHN,FLO,CHI11
2008-07-27,0,CHN,FLO,CHI11
2008-08-01,0,CHN,PIT,CHI11
2008-08-02,0,CHN,PIT,CHI11
2008-08-03,0,CHN,PIT,CHI11
2008-08-04,0,CHN,HOU,CHI11
2008-08-05,0,CHN,HOU,CHI11
2008-08-06,0,CHN,HOU,CHI11
2008-08-08,0,CHN,SLN,CHI11
2008-08-09,0,CHN,SLN,CHI11
2008-08-10,0,CHN,SLN,CHI11
2008-08-19,0,CHN,CIN,CHI11
2008-08-20,0,CHN,CIN,CHI11
2008-08-21,0,CHN,CIN,CHI11
2008-08-22,0,CHN,WAS,CHI11
2008-08-23,0,CHN,WAS,CHI11
2008-08-24,0,CHN,WAS,CHI11
2008-08-28,0,CHN,PHI,CHI11
2008-08-29,0,CHN,PHI,CHI11
2008-08-30,0,CHN,PHI,CHI11
2008-08-31,0,CHN,PHI,CHI11
2008-09-01,0,CHN,HOU,CHI11
2008-09-02,0,CHN,HOU,CHI11
2008-09-03,0,CHN,HOU,CHI11
2008-09-16,0,CHN,MIL,CHI11
2008-09-17,0,CHN,MIL,CHI11
2008-09-18,0,CHN,MIL,CHI11
2008-09-19,0,CHN,SLN,CHI11
2008-09-20,0,CHN,SLN,CHI11
2008-03-31,0,CIN,ARI,CIN09
2008-04-02,0,CIN,ARI,CIN09
2008-04-03,0,CIN,ARI,CIN09
2008-04-04,0,CIN,PHI,CIN09
2008-04-05,0,CIN,PHI,CIN09
2008-04-06,0,CIN,PHI,CIN09
2008-04-07,0,CIN,PHI,CIN09
2008-04-18,0,CIN,MIL,CIN09
2008-04-19,0,CIN,MIL,CIN09
2008-04-20,0,CIN,MIL,CIN09
2008-04-21,0,CIN,LAN,CIN09
2008-04-22,0,CIN,LAN,CIN09
2008-04-23,0,CIN,HOU,CIN09
2008-04-24,0,CIN,HOU,CIN09
2008-05-05,0,CIN,CHN,CIN09
2008-05-06,0,CIN,CHN,CIN09
2008-05-07,0,CIN,CHN,CIN09
2008-05-12,0,CIN,FLO,CIN09
2008-05-13,0,CIN,FLO,CIN09
2008-05-14,0,CIN,FLO,CIN09
2008-05-16,0,CIN,CLE,CIN09
2008-05-17,0,CIN,CLE,CIN09
2008-05-18,0,CIN,CLE,CIN09
2008-05-27,0,CIN,PIT,CIN09
2008-05-28,0,CIN,PIT,CIN09
2008-05-29,0,CIN,PIT,CIN09
2008-05-30,0,CIN,ATL,CIN09
2008-05-31,0,CIN,ATL,CIN09
2008-06-01,0,CIN,ATL,CIN09
2008-06-10,0,CIN,SLN,CIN09
2008-06-11,0,CIN,SLN,CIN09
2008-06-12,0,CIN,SLN,CIN09
2008-06-13,0,CIN,BOS,CIN09
2008-06-14,0,CIN,BOS,CIN09
2008-06-15,0,CIN,BOS,CIN09
2008-06-17,0,CIN,LAN,CIN09
2008-06-18,0,CIN,LAN,CIN09
2008-06-19,0,CIN,LAN,CIN09
2008-06-30,0,CIN,PIT,CIN09
2008-07-01,0,CIN,PIT,CIN09
2008-07-02,0,CIN,PIT,CIN09
2008-07-03,0,CIN,WAS,CIN09
2008-07-04,0,CIN,WAS,CIN09
2008-07-05,0,CIN,WAS,CIN09
2008-07-06,0,CIN,WAS,CIN09
2008-07-17,0,CIN,NYN,CIN09
2008-07-18,0,CIN,NYN,CIN09
2008-07-19,0,CIN,NYN,CIN09
2008-07-20,0,CIN,NYN,CIN09
2008-07-21,0,CIN,SDN,CIN09
2008-07-22,0,CIN,SDN,CIN09
2008-07-23,0,CIN,SDN,CIN09
2008-07-25,0,CIN,COL,CIN09
2008-07-26,0,CIN,COL,CIN09
2008-07-27,0,CIN,COL,CIN09
2008-08-04,0,CIN,MIL,CIN09
2008-08-05,0,CIN,MIL,CIN09
2008-08-06,0,CIN,MIL,CIN09
2008-08-07,0,CIN,HOU,CIN09
2008-08-08,0,CIN,HOU,CIN09
2008-08-09,0,CIN,HOU,CIN09
2008-08-10,0,CIN,HOU,CIN09
2008-08-15,0,CIN,SLN,CIN09
2008-08-16,0,CIN,SLN,CIN09
2008-08-17,0,CIN,SLN,CIN09
2008-08-29,0,CIN,SFN,CIN09
2008-08-30,0,CIN,SFN,CIN09
2008-08-31,0,CIN,SFN,CIN09
2008-09-02,0,CIN,PIT,CIN09
2008-09-03,0,CIN,PIT,CIN09
2008-09-04,0,CIN,PIT,CIN09
2008-09-05,0,CIN,CHN,CIN09
2008-09-06,0,CIN,CHN,CIN09
2008-09-07,0,CIN,CHN,CIN09
2008-09-16,0,CIN,SLN,CIN09
2008-09-17,0,CIN,SLN,CIN09
2008-09-18,0,CIN,SLN,CIN09
2008-09-19,0,CIN,MIL,CIN09
2008-09-20,0,CIN,MIL,CIN09
2008-09-21,0,CIN,MIL,CIN09
2008-03-31,0,CLE,CHA,CLE08
2008-04-02,0,CLE,CHA,CLE08
2008-04-03,0,CLE,CHA,CLE08
2008-04-11,0,CLE,OAK,CLE08
2008-04-12,0,CLE,OAK,CLE08
2008-04-13,0,CLE,OAK,CLE08
2008-04-14,0,CLE,BOS,CLE08
2008-04-15,0,CLE,BOS,CLE08
2008-04-16,0,CLE,DET,CLE08
2008-04-17,0,CLE,DET,CLE08
2008-04-25,0,CLE,NYA,CLE08
2008-04-26,0,CLE,NYA,CLE08
2008-04-27,0,CLE,NYA,CLE08
2008-04-28,0,CLE,NYA,CLE08
2008-04-29,0,CLE,SEA,CLE08
2008-04-30,0,CLE,SEA,CLE08
2008-05-01,0,CLE,SEA,CLE08
2008-05-03,0,CLE,KCA,CLE08
2008-05-04,0,CLE,KCA,CLE08
2008-05-09,0,CLE,TOR,CLE08
2008-05-10,0,CLE,TOR,CLE08
2008-05-12,1,CLE,TOR,CLE08
2008-05-12,2,CLE,TOR,CLE08
2008-05-13,0,CLE,OAK,CLE08
2008-05-14,0,CLE,OAK,CLE08
2008-05-15,0,CLE,OAK,CLE08
2008-05-23,0,CLE,TEX,CLE08
2008-05-24,0,CLE,TEX,CLE08
2008-05-25,0,CLE,TEX,CLE08
2008-05-26,0,CLE,CHA,CLE08
2008-05-27,0,CLE,CHA,CLE08
2008-05-28,0,CLE,CHA,CLE08
2008-06-10,0,CLE,MIN,CLE08
2008-06-11,0,CLE,MIN,CLE08
2008-06-12,0,CLE,MIN,CLE08
2008-06-13,0,CLE,SDN,CLE08
2008-06-14,0,CLE,SDN,CLE08
2008-06-15,0,CLE,SDN,CLE08
2008-06-24,0,CLE,SFN,CLE08
2008-06-25,0,CLE,SFN,CLE08
2008-06-26,0,CLE,SFN,CLE08
2008-06-27,0,CLE,CIN,CLE08
2008-06-28,0,CLE,CIN,CLE08
2008-06-29,0,CLE,CIN,CLE08
2008-07-10,0,CLE,TBA,CLE08
2008-07-11,0,CLE,TBA,CLE08
2008-07-12,0,CLE,TBA,CLE08
2008-07-13,0,CLE,TBA,CLE08
2008-07-25,0,CLE,MIN,CLE08
2008-07-26,0,CLE,MIN,CLE08
2008-07-27,0,CLE,MIN,CLE08
2008-07-28,0,CLE,DET,CLE08
2008-07-29,0,CLE,DET,CLE08
2008-07-30,0,CLE,DET,CLE08
2008-07-31,0,CLE,DET,CLE08
2008-08-11,0,CLE,BAL,CLE08
2008-08-12,0,CLE,BAL,CLE08
2008-08-13,0,CLE,BAL,CLE08
2008-08-14,0,CLE,BAL,CLE08
2008-08-15,0,CLE,ANA,CLE08
2008-08-16,0,CLE,ANA,CLE08
2008-08-17,0,CLE,ANA,CLE08
2008-08-19,0,CLE,KCA,CLE08
2008-08-20,0,CLE,KCA,CLE08
2008-08-21,0,CLE,KCA,CLE08
2008-08-29,0,CLE,SEA,CLE08
2008-08-30,0,CLE,SEA,CLE08
2008-08-31,0,CLE,SEA,CLE08
2008-09-01,0,CLE,CHA,CLE08
2008-09-02,0,CLE,CHA,CLE08
2008-09-03,0,CLE,CHA,CLE08
2008-09-12,0,CLE,KCA,CLE08
2008-09-13,1,CLE,KCA,CLE08
2008-09-13,2,CLE,KCA,CLE08
2008-09-14,0,CLE,KCA,CLE08
2008-09-15,0,CLE,MIN,CLE08
2008-09-16,0,CLE,MIN,CLE08
2008-09-17,0,CLE,MIN,CLE08
2008-09-19,0,CLE,DET,CLE08
2008-09-20,0,CLE,DET,CLE08
2008-04-04,0,COL,ARI,DEN02
2008-04-05,0,COL,ARI,DEN02
2008-04-06,0,COL,ARI,DEN02
2008-04-07,0,COL,ATL,DEN02
2008-04-08,0,COL,ATL,DEN02
2008-04-09,0,COL,ATL,DEN02
2008-04-21,0,COL,PHI,DEN02
2008-04-22,0,COL,PHI,DEN02
2008-04-23,0,COL,CHN,DEN02
2008-04-24,0,COL,CHN,DEN02
2008-05-02,0,COL,LAN,DEN02
2008-05-03,0,COL,LAN,DEN02
2008-05-04,0,COL,LAN,DEN02
2008-05-05,0,COL,SLN,DEN02
2008-05-06,0,COL,SLN,DEN02
2008-05-07,0,COL,SLN,DEN02
2008-05-08,0,COL,SLN,DEN02
2008-05-16,0,COL,MIN,DEN02
2008-05-17,0,COL,MIN,DEN02
2008-05-18,0,COL,MIN,DEN02
2008-05-19,0,COL,SFN,DEN02
2008-05-20,0,COL,SFN,DEN02
2008-05-21,0,COL,SFN,DEN02
2008-05-23,0,COL,NYN,DEN02
2008-05-24,0,COL,NYN,DEN02
2008-05-25,0,COL,NYN,DEN02
2008-06-06,0,COL,MIL,DEN02
2008-06-07,0,COL,MIL,DEN02
2008-06-08,0,COL,MIL,DEN02
2008-06-10,0,COL,SFN,DEN02
2008-06-11,0,COL,SFN,DEN02
2008-06-12,0,COL,SFN,DEN02
2008-06-16,0,COL,ATL,DEN02
2008-06-17,0,COL,CLE,DEN02
2008-06-18,0,COL,CLE,DEN02
2008-06-19,0,COL,CLE,DEN02
2008-06-20,0,COL,NYN,DEN02
2008-06-21,0,COL,NYN,DEN02
2008-06-22,0,COL,NYN,DEN02
2008-06-30,0,COL,SDN,DEN02
2008-07-01,0,COL,SDN,DEN02
2008-07-02,0,COL,SDN,DEN02
2008-07-03,0,COL,FLO,DEN02
2008-07-04,0,COL,FLO,DEN02
2008-07-05,0,COL,FLO,DEN02
2008-07-06,0,COL,FLO,DEN02
2008-07-17,0,COL,PIT,DEN02
2008-07-18,0,COL,PIT,DEN02
2008-07-19,0,COL,PIT,DEN02
2008-07-20,0,COL,PIT,DEN02
2008-07-21,0,COL,LAN,DEN02
2008-07-22,0,COL,LAN,DEN02
2008-07-23,0,COL,LAN,DEN02
2008-08-04,0,COL,WAS,DEN02
2008-08-05,0,COL,WAS,DEN02
2008-08-07,1,COL,WAS,DEN02
2008-08-07,2,COL,WAS,DEN02
2008-08-08,0,COL,SDN,DEN02
2008-08-09,0,COL,SDN,DEN02
2008-08-10,0,COL,SDN,DEN02
2008-08-12,0,COL,ARI,DEN02
2008-08-13,0,COL,ARI,DEN02
2008-08-14,0,COL,ARI,DEN02
2008-08-22,0,COL,CIN,DEN02
2008-08-23,0,COL,CIN,DEN02
2008-08-24,0,COL,CIN,DEN02
2008-09-01,0,COL,SFN,DEN02
2008-09-02,0,COL,SFN,DEN02
2008-09-03,0,COL,SFN,DEN02
2008-09-05,0,COL,HOU,DEN02
2008-09-06,0,COL,HOU,DEN02
2008-09-07,0,COL,HOU,DEN02
2008-09-12,0,COL,LAN,DEN02
2008-09-13,0,COL,LAN,DEN02
2008-09-14,0,COL,LAN,DEN02
2008-09-15,0,COL,SDN,DEN02
2008-09-16,0,COL,SDN,DEN02
2008-09-17,0,COL,SDN,DEN02
2008-09-19,0,COL,ARI,DEN02
2008-09-20,0,COL,ARI,DEN02
2008-03-31,0,DET,KCA,DET05
2008-04-02,0,DET,KCA,DET05
2008-04-03,0,DET,KCA,DET05
2008-04-04,0,DET,CHA,DET05
2008-04-05,0,DET,CHA,DET05
2008-04-06,0,DET,CHA,DET05
2008-04-14,0,DET,MIN,DET05
2008-04-15,0,DET,MIN,DET05
2008-04-22,0,DET,TEX,DET05
2008-04-23,0,DET,TEX,DET05
2008-04-24,0,DET,TEX,DET05
2008-04-25,0,DET,ANA,DET05
2008-04-26,0,DET,ANA,DET05
2008-04-27,0,DET,ANA,DET05
2008-05-05,0,DET,BOS,DET05
2008-05-06,0,DET,BOS,DET05
2008-05-07,0,DET,BOS,DET05
2008-05-08,0,DET,BOS,DET05
2008-05-09,0,DET,NYA,DET05
2008-05-10,0,DET,NYA,DET05
2008-05-20,0,DET,SEA,DET05
2008-05-21,0,DET,SEA,DET05
2008-05-22,0,DET,SEA,DET05
2008-05-23,0,DET,MIN,DET05
2008-05-24,0,DET,MIN,DET05
2008-05-25,0,DET,MIN,DET05
2008-06-06,0,DET,CLE,DET05
2008-06-07,0,DET,CLE,DET05
2008-06-08,0,DET,CLE,DET05
2008-06-09,0,DET,CLE,DET05
2008-06-10,0,DET,CHA,DET05
2008-06-11,0,DET,CHA,DET05
2008-06-12,0,DET,CHA,DET05
2008-06-13,0,DET,LAN,DET05
2008-06-14,0,DET,LAN,DET05
2008-06-15,0,DET,LAN,DET05
2008-06-24,0,DET,SLN,DET05
2008-06-25,0,DET,SLN,DET05
2008-06-26,0,DET,SLN,DET05
2008-06-27,0,DET,COL,DET05
2008-06-28,0,DET,COL,DET05
2008-06-29,0,DET,COL,DET05
2008-07-08,0,DET,CLE,DET05
2008-07-09,0,DET,CLE,DET05
2008-07-10,0,DET,MIN,DET05
2008-07-11,0,DET,MIN,DET05
2008-07-12,0,DET,MIN,DET05
2008-07-13,0,DET,MIN,DET05
2008-07-25,0,DET,CHA,DET05
2008-07-26,0,DET,CHA,DET05
2008-07-27,0,DET,CHA,DET05
2008-08-08,0,DET,OAK,DET05
2008-08-09,0,DET,OAK,DET05
2008-08-10,0,DET,OAK,DET05
2008-08-11,0,DET,TOR,DET05
2008-08-12,0,DET,TOR,DET05
2008-08-13,0,DET,TOR,DET05
2008-08-14,0,DET,TOR,DET05
2008-08-15,0,DET,BAL,DET05
2008-08-16,0,DET,BAL,DET05
2008-08-17,0,DET,BAL,DET05
2008-08-25,0,DET,CLE,DET05
2008-08-26,0,DET,CLE,DET05
2008-08-27,0,DET,CLE,DET05
2008-08-29,0,DET,KCA,DET05
2008-08-30,0,DET,KCA,DET05
2008-08-31,0,DET,KCA,DET05
2008-09-01,0,DET,NYA,DET05
2008-09-02,0,DET,ANA,DET05
2008-09-03,0,DET,ANA,DET05
2008-09-04,0,DET,ANA,DET05
2008-09-08,0,DET,OAK,DET05
2008-09-09,0,DET,OAK,DET05
2008-09-10,0,DET,OAK,DET05
2008-09-22,0,DET,KCA,DET05
2008-09-23,0,DET,KCA,DET05
2008-09-24,0,DET,KCA,DET05
2008-09-25,0,DET,TBA,DET05
2008-09-26,0,DET,TBA,DET05
2008-09-27,0,DET,TBA,DET05
2008-03-31,0,FLO,NYN,MIA01
2008-04-01,0,FLO,NYN,MIA01
2008-04-02,0,FLO,NYN,MIA01
2008-04-04,0,FLO,PIT,MIA01
2008-04-05,0,FLO,PIT,MIA01
2008-04-06,0,FLO,PIT,MIA01
2008-04-15,0,FLO,ATL,MIA01
2008-04-16,0,FLO,ATL,MIA01
2008-04-17,0,FLO,ATL,MIA01
2008-04-18,0,FLO,WAS,MIA01
2008-04-19,0,FLO,WAS,MIA01
2008-04-20,0,FLO,WAS,MIA01
2008-04-29,0,FLO,LAN,MIA01
2008-04-30,0,FLO,LAN,MIA01
2008-05-01,0,FLO,LAN,MIA01
2008-05-02,0,FLO,SDN,MIA01
2008-05-03,0,FLO,SDN,MIA01
2008-05-04,0,FLO,SDN,MIA01
2008-05-06,0,FLO,MIL,MIA01
2008-05-07,0,FLO,MIL,MIA01
2008-05-08,0,FLO,MIL,MIA01
2008-05-16,0,FLO,KCA,MIA01
2008-05-17,0,FLO,KCA,MIA01
2008-05-18,0,FLO,KCA,MIA01
2008-05-20,0,FLO,ARI,MIA01
2008-05-21,0,FLO,ARI,MIA01
2008-05-22,0,FLO,ARI,MIA01
2008-05-23,0,FLO,SFN,MIA01
2008-05-25,1,FLO,SFN,MIA01
2008-05-25,2,FLO,SFN,MIA01
2008-06-06,0,FLO,CIN,MIA01
2008-06-07,0,FLO,CIN,MIA01
2008-06-08,0,FLO,CIN,MIA01
2008-06-09,0,FLO,CIN,MIA01
2008-06-10,0,FLO,PHI,MIA01
2008-06-11,0,FLO,PHI,MIA01
2008-06-12,0,FLO,PHI,MIA01
2008-06-24,0,FLO,TBA,MIA01
2008-06-25,0,FLO,TBA,MIA01
2008-06-26,0,FLO,TBA,MIA01
2008-06-27,0,FLO,ARI,MIA01
2008-06-28,0,FLO,ARI,MIA01
2008-06-29,0,FLO,ARI,MIA01
2008-06-30,0,FLO,WAS,MIA01
2008-07-01,0,FLO,WAS,MIA01
2008-07-02,0,FLO,WAS,MIA01
2008-07-18,0,FLO,PHI,MIA01
2008-07-19,0,FLO,PHI,MIA01
2008-07-20,0,FLO,PHI,MIA01
2008-07-21,0,FLO,ATL,MIA01
2008-07-22,0,FLO,ATL,MIA01
2008-07-23,0,FLO,ATL,MIA01
2008-07-28,0,FLO,NYN,MIA01
2008-07-29,0,FLO,NYN,MIA01
2008-07-30,0,FLO,NYN,MIA01
2008-07-31,0,FLO,COL,MIA01
2008-08-01,0,FLO,COL,MIA01
2008-08-02,0,FLO,COL,MIA01
2008-08-03,0,FLO,COL,MIA01
2008-08-11,0,FLO,SLN,MIA01
2008-08-12,0,FLO,SLN,MIA01
2008-08-13,0,FLO,SLN,MIA01
2008-08-14,0,FLO,SLN,MIA01
2008-08-15,0,FLO,CHN,MIA01
2008-08-16,0,FLO,CHN,MIA01
2008-08-17,0,FLO,CHN,MIA01
2008-08-29,0,FLO,NYN,MIA01
2008-08-30,0,FLO,NYN,MIA01
2008-08-31,0,FLO,NYN,MIA01
2008-09-01,0,FLO,ATL,MIA01
2008-09-02,0,FLO,ATL,MIA01
2008-09-03,0,FLO,ATL,MIA01
2008-09-12,0,FLO,WAS,MIA01
2008-09-13,0,FLO,WAS,MIA01
2008-09-14,0,FLO,WAS,MIA01
2008-09-16,0,FLO,HOU,MIA01
2008-09-17,0,FLO,HOU,MIA01
2008-09-18,0,FLO,HOU,MIA01
2008-09-19,0,FLO,PHI,MIA01
2008-09-20,0,FLO,PHI,MIA01
2008-04-07,0,HOU,SLN,HOU03
2008-04-08,0,HOU,SLN,HOU03
2008-04-09,0,HOU,SLN,HOU03
2008-04-11,0,HOU,FLO,HOU03
2008-04-12,0,HOU,FLO,HOU03
2008-04-13,0,HOU,FLO,HOU03
2008-04-18,0,HOU,COL,HOU03
2008-04-19,0,HOU,COL,HOU03
2008-04-20,0,HOU,COL,HOU03
2008-04-21,0,HOU,SDN,HOU03
2008-04-22,0,HOU,SDN,HOU03
2008-05-02,0,HOU,MIL,HOU03
2008-05-03,0,HOU,MIL,HOU03
2008-05-04,0,HOU,MIL,HOU03
2008-05-06,0,HOU,WAS,HOU03
2008-05-07,0,HOU,WAS,HOU03
2008-05-08,0,HOU,WAS,HOU03
2008-05-19,0,HOU,CHN,HOU03
2008-05-20,0,HOU,CHN,HOU03
2008-05-21,0,HOU,CHN,HOU03
2008-05-22,0,HOU,PHI,HOU03
2008-05-23,0,HOU,PHI,HOU03
2008-05-24,0,HOU,PHI,HOU03
2008-05-25,0,HOU,PHI,HOU03
2008-06-06,0,HOU,SLN,HOU03
2008-06-07,0,HOU,SLN,HOU03
2008-06-08,0,HOU,SLN,HOU03
2008-06-10,0,HOU,MIL,HOU03
2008-06-11,0,HOU,MIL,HOU03
2008-06-12,0,HOU,MIL,HOU03
2008-06-13,0,HOU,NYA,HOU03
2008-06-14,0,HOU,NYA,HOU03
2008-06-15,0,HOU,NYA,HOU03
2008-06-24,0,HOU,TEX,HOU03
2008-06-25,0,HOU,TEX,HOU03
2008-06-26,0,HOU,TEX,HOU03
2008-06-27,0,HOU,BOS,HOU03
2008-06-28,0,HOU,BOS,HOU03
2008-06-29,0,HOU,BOS,HOU03
2008-06-30,0,HOU,LAN,HOU03
2008-07-01,0,HOU,LAN,HOU03
2008-07-02,0,HOU,LAN,HOU03
2008-07-03,0,HOU,LAN,HOU03
2008-07-18,0,HOU,CHN,HOU03
2008-07-19,0,HOU,CHN,HOU03
2008-07-20,0,HOU,CHN,HOU03
2008-07-21,0,HOU,PIT,HOU03
2008-07-22,0,HOU,PIT,HOU03
2008-07-23,0,HOU,PIT,HOU03
2008-07-28,0,HOU,CIN,HOU03
2008-07-29,0,HOU,CIN,HOU03
2008-07-30,0,HOU,CIN,HOU03
2008-08-01,0,HOU,NYN,HOU03
2008-08-02,0,HOU,NYN,HOU03
2008-08-03,0,HOU,NYN,HOU03
2008-08-11,0,HOU,SFN,HOU03
2008-08-12,0,HOU,SFN,HOU03
2008-08-13,0,HOU,SFN,HOU03
2008-08-14,0,HOU,SFN,HOU03
2008-08-15,0,HOU,ARI,HOU03
2008-08-16,0,HOU,ARI,HOU03
2008-08-17,0,HOU,ARI,HOU03
2008-08-26,0,HOU,CIN,HOU03
2008-08-27,0,HOU,CIN,HOU03
2008-08-28,0,HOU,CIN,HOU03
2008-08-29,0,HOU,SLN,HOU03
2008-08-30,0,HOU,SLN,HOU03
2008-08-31,0,HOU,SLN,HOU03
2008-09-08,0,HOU,PIT,HOU03
2008-09-09,0,HOU,PIT,HOU03
2008-09-10,0,HOU,PIT,HOU03
2008-09-11,0,HOU,PIT,HOU03
2008-09-14,0,HOU,CHN,MIL06
2008-09-15,0,HOU,CHN,MIL06
2008-09-23,0,HOU,CIN,HOU03
2008-09-24,0,HOU,CIN,HOU03
2008-09-25,0,HOU,CIN,HOU03
2008-09-26,0,HOU,ATL,HOU03
2008-09-27,0,HOU,ATL,HOU03
2008-04-08,0,KCA,NYA,KAN06
2008-04-09,0,KCA,NYA,KAN06
2008-04-10,0,KCA,NYA,KAN06
2008-04-11,0,KCA,MIN,KAN06
2008-04-12,0,KCA,MIN,KAN06
2008-04-13,0,KCA,MIN,KAN06
2008-04-22,0,KCA,CLE,KAN06
2008-04-24,1,KCA,CLE,KAN06
2008-04-24,2,KCA,CLE,KAN06
2008-04-25,0,KCA,TOR,KAN06
2008-04-26,0,KCA,TOR,KAN06
2008-04-27,0,KCA,TOR,KAN06
2008-05-05,0,KCA,ANA,KAN06
2008-05-06,0,KCA,ANA,KAN06
2008-05-07,0,KCA,ANA,KAN06
2008-05-08,0,KCA,BAL,KAN06
2008-05-09,0,KCA,BAL,KAN06
2008-05-10,0,KCA,BAL,KAN06
2008-05-11,0,KCA,BAL,KAN06
2008-05-13,0,KCA,DET,KAN06
2008-05-14,0,KCA,DET,KAN06
2008-05-15,0,KCA,DET,KAN06
2008-05-27,0,KCA,MIN,KAN06
2008-05-28,0,KCA,MIN,KAN06
2008-05-29,0,KCA,MIN,KAN06
2008-05-30,0,KCA,CLE,KAN06
2008-05-31,0,KCA,CLE,KAN06
2008-06-01,0,KCA,CLE,KAN06
2008-06-10,0,KCA,TEX,KAN06
2008-06-11,0,KCA,TEX,KAN06
2008-06-12,0,KCA,TEX,KAN06
2008-06-20,0,KCA,SFN,KAN06
2008-06-21,0,KCA,SFN,KAN06
2008-06-22,0,KCA,SFN,KAN06
2008-06-23,0,KCA,COL,KAN06
2008-06-24,0,KCA,COL,KAN06
2008-06-25,0,KCA,COL,KAN06
2008-06-27,0,KCA,SLN,KAN06
2008-06-28,0,KCA,SLN,KAN06
2008-06-29,0,KCA,SLN,KAN06
2008-07-08,0,KCA,CHA,KAN06
2008-07-09,0,KCA,CHA,KAN06
2008-07-10,0,KCA,CHA,KAN06
2008-07-11,0,KCA,SEA,KAN06
2008-07-12,0,KCA,SEA,KAN06
2008-07-13,0,KCA,SEA,KAN06
2008-07-21,0,KCA,DET,KAN06
2008-07-22,0,KCA,DET,KAN06
2008-07-23,0,KCA,DET,KAN06
2008-07-24,0,KCA,TBA,KAN06
2008-07-25,0,KCA,TBA,KAN06
2008-07-26,0,KCA,TBA,KAN06
2008-07-27,0,KCA,TBA,KAN06
2008-08-01,0,KCA,CHA,KAN06
2008-08-02,0,KCA,CHA,KAN06
2008-08-03,0,KCA,CHA,KAN06
2008-08-04,0,KCA,BOS,KAN06
2008-08-05,0,KCA,BOS,KAN06
2008-08-06,0,KCA,BOS,KAN06
2008-08-08,0,KCA,MIN,KAN06
2008-08-09,0,KCA,MIN,KAN06
2008-08-10,0,KCA,MIN,KAN06
2008-08-22,0,KCA,DET,KAN06
2008-08-23,0,KCA,DET,KAN06
2008-08-24,0,KCA,DET,KAN06
2008-08-25,0,KCA,TEX,KAN06
2008-08-26,0,KCA,TEX,KAN06
2008-08-27,0,KCA,TEX,KAN06
2008-09-02,0,KCA,OAK,KAN06
2008-09-04,1,KCA,OAK,KAN06
2008-09-04,2,KCA,OAK,KAN06
2008-09-05,0,KCA,CLE,KAN06
2008-09-06,0,KCA,CLE,KAN06
2008-09-07,0,KCA,CLE,KAN06
2008-09-15,0,KCA,SEA,KAN06
2008-09-16,0,KCA,SEA,KAN06
2008-09-17,0,KCA,SEA,KAN06
2008-09-18,0,KCA,SEA,KAN06
2008-09-19,0,KCA,CHA,KAN06
2008-09-20,0,KCA,CHA,KAN06
2008-03-31,0,LAN,SFN,LOS03
2008-04-01,0,LAN,SFN,LOS03
2008-04-02,0,LAN,SFN,LOS03
2008-04-11,0,LAN,SDN,LOS03
2008-04-12,0,LAN,SDN,LOS03
2008-04-13,0,LAN,SDN,LOS03
2008-04-14,0,LAN,PIT,LOS03
2008-04-15,0,LAN,PIT,LOS03
2008-04-16,0,LAN,PIT,LOS03
2008-04-23,0,LAN,ARI,LOS03
2008-04-24,0,LAN,ARI,LOS03
2008-04-25,0,LAN,COL,LOS03
2008-04-26,0,LAN,COL,LOS03
2008-04-27,0,LAN,COL,LOS03
2008-05-05,0,LAN,NYN,LOS03
2008-05-06,0,LAN,NYN,LOS03
2008-05-07,0,LAN,NYN,LOS03
2008-05-09,0,LAN,HOU,LOS03
2008-05-10,0,LAN,HOU,LOS03
2008-05-11,0,LAN,HOU,LOS03
2008-05-19,0,LAN,CIN,LOS03
2008-05-20,0,LAN,CIN,LOS03
2008-05-21,0,LAN,CIN,LOS03
2008-05-23,0,LAN,SLN,LOS03
2008-05-24,0,LAN,SLN,LOS03
2008-05-25,0,LAN,SLN,LOS03
2008-06-02,0,LAN,COL,LOS03
2008-06-03,0,LAN,COL,LOS03
2008-06-04,0,LAN,COL,LOS03
2008-06-05,0,LAN,CHN,LOS03
2008-06-06,0,LAN,CHN,LOS03
2008-06-07,0,LAN,CHN,LOS03
2008-06-08,0,LAN,CHN,LOS03
2008-06-20,0,LAN,CLE,LOS03
2008-06-21,0,LAN,CLE,LOS03
2008-06-22,0,LAN,CLE,LOS03
2008-06-24,0,LAN,CHA,LOS03
2008-06-25,0,LAN,CHA,LOS03
2008-06-26,0,LAN,CHA,LOS03
2008-06-27,0,LAN,ANA,LOS03
2008-06-28,0,LAN,ANA,LOS03
2008-06-29,0,LAN,ANA,LOS03
2008-07-07,0,LAN,ATL,LOS03
2008-07-08,0,LAN,ATL,LOS03
2008-07-09,0,LAN,ATL,LOS03
2008-07-10,0,LAN,FLO,LOS03
2008-07-11,0,LAN,FLO,LOS03
2008-07-12,0,LAN,FLO,LOS03
2008-07-13,0,LAN,FLO,LOS03
2008-07-25,0,LAN,WAS,LOS03
2008-07-26,0,LAN,WAS,LOS03
2008-07-27,0,LAN,WAS,LOS03
2008-07-28,0,LAN,SFN,LOS03
2008-07-29,0,LAN,SFN,LOS03
2008-07-30,0,LAN,SFN,LOS03
2008-07-31,0,LAN,ARI,LOS03
2008-08-01,0,LAN,ARI,LOS03
2008-08-02,0,LAN,ARI,LOS03
2008-08-03,0,LAN,ARI,LOS03
2008-08-11,0,LAN,PHI,LOS03
2008-08-12,0,LAN,PHI,LOS03
2008-08-13,0,LAN,PHI,LOS03
2008-08-14,0,LAN,PHI,LOS03
2008-08-15,0,LAN,MIL,LOS03
2008-08-16,0,LAN,MIL,LOS03
2008-08-17,0,LAN,MIL,LOS03
2008-08-19,0,LAN,COL,LOS03
2008-08-20,0,LAN,COL,LOS03
2008-08-21,0,LAN,COL,LOS03
2008-09-01,0,LAN,SDN,LOS03
2008-09-02,0,LAN,SDN,LOS03
2008-09-03,0,LAN,SDN,LOS03
2008-09-05,0,LAN,ARI,LOS03
2008-09-06,0,LAN,ARI,LOS03
2008-09-07,0,LAN,ARI,LOS03
2008-09-19,0,LAN,SFN,LOS03
2008-09-20,0,LAN,SFN,LOS03
2008-09-21,0,LAN,SFN,LOS03
2008-09-23,0,LAN,SDN,LOS03
2008-09-24,0,LAN,SDN,LOS03
2008-04-04,0,MIL,SFN,MIL06
2008-04-05,0,MIL,SFN,MIL06
2008-04-06,0,MIL,SFN,MIL06
2008-04-08,0,MIL,CIN,MIL06
2008-04-09,0,MIL,CIN,MIL06
2008-04-10,0,MIL,CIN,MIL06
2008-04-21,0,MIL,SLN,MIL06
2008-04-22,0,MIL,SLN,MIL06
2008-04-23,0,MIL,PHI,MIL06
2008-04-24,0,MIL,PHI,MIL06
2008-04-25,0,MIL,FLO,MIL06
2008-04-26,0,MIL,FLO,MIL06
2008-04-27,0,MIL,FLO,MIL06
2008-05-09,0,MIL,SLN,MIL06
2008-05-10,0,MIL,SLN,MIL06
2008-05-11,0,MIL,SLN,MIL06
2008-05-12,0,MIL,SLN,MIL06
2008-05-13,0,MIL,LAN,MIL06
2008-05-14,0,MIL,LAN,MIL06
2008-05-15,0,MIL,LAN,MIL06
2008-05-27,0,MIL,ATL,MIL06
2008-05-28,0,MIL,ATL,MIL06
2008-05-29,0,MIL,ATL,MIL06
2008-05-30,0,MIL,HOU,MIL06
2008-05-31,0,MIL,HOU,MIL06
2008-06-01,0,MIL,HOU,MIL06
2008-06-02,0,MIL,ARI,MIL06
2008-06-03,0,MIL,ARI,MIL06
2008-06-04,0,MIL,ARI,MIL06
2008-06-13,0,MIL,MIN,MIL06
2008-06-14,0,MIL,MIN,MIL06
2008-06-15,0,MIL,MIN,MIL06
2008-06-17,0,MIL,TOR,MIL06
2008-06-18,0,MIL,TOR,MIL06
2008-06-19,0,MIL,TOR,MIL06
2008-06-20,0,MIL,BAL,MIL06
2008-06-21,0,MIL,BAL,MIL06
2008-06-22,0,MIL,BAL,MIL06
2008-07-04,0,MIL,PIT,MIL06
2008-07-05,0,MIL,PIT,MIL06
2008-07-06,0,MIL,PIT,MIL06
2008-07-07,0,MIL,COL,MIL06
2008-07-08,0,MIL,COL,MIL06
2008-07-09,0,MIL,COL,MIL06
2008-07-10,0,MIL,COL,MIL06
2008-07-11,0,MIL,CIN,MIL06
2008-07-12,0,MIL,CIN,MIL06
2008-07-13,0,MIL,CIN,MIL06
2008-07-25,0,MIL,HOU,MIL06
2008-07-26,0,MIL,HOU,MIL06
2008-07-27,0,MIL,HOU,MIL06
2008-07-28,0,MIL,CHN,MIL06
2008-07-29,0,MIL,CHN,MIL06
2008-07-30,0,MIL,CHN,MIL06
2008-07-31,0,MIL,CHN,MIL06
2008-08-08,0,MIL,WAS,MIL06
2008-08-09,0,MIL,WAS,MIL06
2008-08-10,0,MIL,WAS,MIL06
2008-08-11,0,MIL,WAS,MIL06
2008-08-18,0,MIL,HOU,MIL06
2008-08-19,0,MIL,HOU,MIL06
2008-08-20,0,MIL,HOU,MIL06
2008-08-22,0,MIL,PIT,MIL06
2008-08-23,0,MIL,PIT,MIL06
2008-08-24,0,MIL,PIT,MIL06
2008-09-01,0,MIL,NYN,MIL06
2008-09-02,0,MIL,NYN,MIL06
2008-09-03,0,MIL,NYN,MIL06
2008-09-04,0,MIL,SDN,MIL06
2008-09-05,0,MIL,SDN,MIL06
2008-09-06,0,MIL,SDN,MIL06
2008-09-07,0,MIL,SDN,MIL06
2008-09-08,0,MIL,CIN,MIL06
2008-09-09,0,MIL,CIN,MIL06
2008-09-10,0,MIL,CIN,MIL06
2008-09-23,0,MIL,PIT,MIL06
2008-09-24,0,MIL,PIT,MIL06
2008-09-25,0,MIL,PIT,MIL06
2008-09-26,0,MIL,CHN,MIL06
2008-09-27,0,MIL,CHN,MIL06
2008-03-31,0,MIN,ANA,MIN03
2008-04-01,0,MIN,ANA,MIN03
2008-04-02,0,MIN,ANA,MIN03
2008-04-03,0,MIN,ANA,MIN03
2008-04-04,0,MIN,KCA,MIN03
2008-04-05,0,MIN,KCA,MIN03
2008-04-06,0,MIN,KCA,MIN03
2008-04-16,0,MIN,TBA,MIN03
2008-04-17,0,MIN,TBA,MIN03
2008-04-18,0,MIN,CLE,MIN03
2008-04-19,0,MIN,CLE,MIN03
2008-04-20,0,MIN,CLE,MIN03
2008-04-29,0,MIN,CHA,MIN03
2008-04-30,0,MIN,CHA,MIN03
2008-05-02,0,MIN,DET,MIN03
2008-05-03,0,MIN,DET,MIN03
2008-05-04,0,MIN,DET,MIN03
2008-05-09,0,MIN,BOS,MIN03
2008-05-10,0,MIN,BOS,MIN03
2008-05-11,0,MIN,BOS,MIN03
2008-05-12,0,MIN,BOS,MIN03
2008-05-13,0,MIN,TOR,MIN03
2008-05-14,0,MIN,TOR,MIN03
2008-05-15,0,MIN,TOR,MIN03
2008-05-19,0,MIN,TEX,MIN03
2008-05-20,0,MIN,TEX,MIN03
2008-05-21,0,MIN,TEX,MIN03
2008-05-22,0,MIN,TEX,MIN03
2008-05-30,0,MIN,NYA,MIN03
2008-05-31,0,MIN,NYA,MIN03
2008-06-01,0,MIN,NYA,MIN03
2008-06-02,0,MIN,NYA,MIN03
2008-06-03,0,MIN,BAL,MIN03
2008-06-04,0,MIN,BAL,MIN03
2008-06-05,0,MIN,BAL,MIN03
2008-06-17,0,MIN,WAS,MIN03
2008-06-18,0,MIN,WAS,MIN03
2008-06-19,0,MIN,WAS,MIN03
2008-06-20,0,MIN,ARI,MIN03
2008-06-21,0,MIN,ARI,MIN03
2008-06-22,0,MIN,ARI,MIN03
2008-06-27,0,MIN,MIL,MIN03
2008-06-28,0,MIN,MIL,MIN03
2008-06-29,0,MIN,MIL,MIN03
2008-06-30,0,MIN,DET,MIN03
2008-07-01,0,MIN,DET,MIN03
2008-07-02,0,MIN,DET,MIN03
2008-07-04,0,MIN,CLE,MIN03
2008-07-05,0,MIN,CLE,MIN03
2008-07-06,0,MIN,CLE,MIN03
2008-07-18,0,MIN,TEX,MIN03
2008-07-19,0,MIN,TEX,MIN03
2008-07-20,0,MIN,TEX,MIN03
2008-07-28,0,MIN,CHA,MIN03
2008-07-29,0,MIN,CHA,MIN03
2008-07-30,0,MIN,CHA,MIN03
2008-07-31,0,MIN,CHA,MIN03
2008-08-01,0,MIN,CLE,MIN03
2008-08-02,0,MIN,CLE,MIN03
2008-08-03,0,MIN,CLE,MIN03
2008-08-11,0,MIN,NYA,MIN03
2008-08-12,0,MIN,NYA,MIN03
2008-08-13,0,MIN,NYA,MIN03
2008-08-15,0,MIN,SEA,MIN03
2008-08-16,0,MIN,SEA,MIN03
2008-08-17,0,MIN,SEA,MIN03
2008-08-18,0,MIN,OAK,MIN03
2008-08-19,0,MIN,OAK,MIN03
2008-08-20,0,MIN,OAK,MIN03
2008-09-05,0,MIN,DET,MIN03
2008-09-06,0,MIN,DET,MIN03
2008-09-07,0,MIN,DET,MIN03
2008-09-09,0,MIN,KCA,MIN03
2008-09-10,0,MIN,KCA,MIN03
2008-09-11,0,MIN,KCA,MIN03
2008-09-23,0,MIN,CHA,MIN03
2008-09-24,0,MIN,CHA,MIN03
2008-09-25,0,MIN,CHA,MIN03
2008-09-26,0,MIN,KCA,MIN03
2008-09-27,0,MIN,KCA,MIN03
2008-04-01,0,NYA,TOR,NYC16
2008-04-02,0,NYA,TOR,NYC16
2008-04-03,0,NYA,TOR,NYC16
2008-04-04,0,NYA,TBA,NYC16
2008-04-05,0,NYA,TBA,NYC16
2008-04-06,0,NYA,TBA,NYC16
2008-04-07,0,NYA,TBA,NYC16
2008-04-16,0,NYA,BOS,NYC16
2008-04-17,0,NYA,BOS,NYC16
2008-04-29,0,NYA,DET,NYC16
2008-04-30,0,NYA,DET,NYC16
2008-05-01,0,NYA,DET,NYC16
2008-05-02,0,NYA,SEA,NYC16
2008-05-03,0,NYA,SEA,NYC16
2008-05-04,0,NYA,SEA,NYC16
2008-05-06,0,NYA,CLE,NYC16
2008-05-07,0,NYA,CLE,NYC16
2008-05-08,0,NYA,CLE,NYC16
2008-05-17,0,NYA,NYN,NYC16
2008-05-18,0,NYA,NYN,NYC16
2008-05-20,0,NYA,BAL,NYC16
2008-05-21,0,NYA,BAL,NYC16
2008-05-22,0,NYA,BAL,NYC16
2008-05-23,0,NYA,SEA,NYC16
2008-05-24,0,NYA,SEA,NYC16
2008-05-25,0,NYA,SEA,NYC16
2008-06-03,0,NYA,TOR,NYC16
2008-06-04,0,NYA,TOR,NYC16
2008-06-05,0,NYA,TOR,NYC16
2008-06-06,0,NYA,KCA,NYC16
2008-06-07,0,NYA,KCA,NYC16
2008-06-08,0,NYA,KCA,NYC16
2008-06-09,0,NYA,KCA,NYC16
2008-06-17,0,NYA,SDN,NYC16
2008-06-18,0,NYA,SDN,NYC16
2008-06-19,0,NYA,SDN,NYC16
2008-06-20,0,NYA,CIN,NYC16
2008-06-21,0,NYA,CIN,NYC16
2008-06-22,0,NYA,CIN,NYC16
2008-06-27,1,NYA,NYN,NYC16
2008-06-30,0,NYA,TEX,NYC16
2008-07-01,0,NYA,TEX,NYC16
2008-07-02,0,NYA,TEX,NYC16
2008-07-03,0,NYA,BOS,NYC16
2008-07-04,0,NYA,BOS,NYC16
2008-07-05,0,NYA,BOS,NYC16
2008-07-06,0,NYA,BOS,NYC16
2008-07-08,0,NYA,TBA,NYC16
2008-07-09,0,NYA,TBA,NYC16
2008-07-18,0,NYA,OAK,NYC16
2008-07-19,0,NYA,OAK,NYC16
2008-07-20,0,NYA,OAK,NYC16
2008-07-21,0,NYA,MIN,NYC16
2008-07-22,0,NYA,MIN,NYC16
2008-07-23,0,NYA,MIN,NYC16
2008-07-28,0,NYA,BAL,NYC16
2008-07-29,0,NYA,BAL,NYC16
2008-07-30,0,NYA,BAL,NYC16
2008-07-31,0,NYA,ANA,NYC16
2008-08-01,0,NYA,ANA,NYC16
2008-08-02,0,NYA,ANA,NYC16
2008-08-03,0,NYA,ANA,NYC16
2008-08-15,0,NYA,KCA,NYC16
2008-08-16,0,NYA,KCA,NYC16
2008-08-17,0,NYA,KCA,NYC16
2008-08-26,0,NYA,BOS,NYC16
2008-08-27,0,NYA,BOS,NYC16
2008-08-28,0,NYA,BOS,NYC16
2008-08-29,0,NYA,TOR,NYC16
2008-08-30,0,NYA,TOR,NYC16
2008-08-31,0,NYA,TOR,NYC16
2008-09-13,1,NYA,TBA,NYC16
2008-09-13,2,NYA,TBA,NYC16
2008-09-14,0,NYA,TBA,NYC16
2008-09-15,0,NYA,CHA,NYC16
2008-09-16,0,NYA,CHA,NYC16
2008-09-17,0,NYA,CHA,NYC16
2008-09-18,0,NYA,CHA,NYC16
2008-09-19,0,NYA,BAL,NYC16
2008-09-20,0,NYA,BAL,NYC16
2008-04-08,0,NYN,PHI,NYC17
2008-04-09,0,NYN,PHI,NYC17
2008-04-10,0,NYN,PHI,NYC17
2008-04-11,0,NYN,MIL,NYC17
2008-04-12,0,NYN,MIL,NYC17
2008-04-13,0,NYN,MIL,NYC17
2008-04-15,0,NYN,WAS,NYC17
2008-04-16,0,NYN,WAS,NYC17
2008-04-17,0,NYN,WAS,NYC17
2008-04-25,0,NYN,ATL,NYC17
2008-04-26,0,NYN,ATL,NYC17
2008-04-27,0,NYN,ATL,NYC17
2008-04-29,0,NYN,PIT,NYC17
2008-04-30,0,NYN,PIT,NYC17
2008-05-10,1,NYN,CIN,NYC17
2008-05-10,2,NYN,CIN,NYC17
2008-05-11,0,NYN,CIN,NYC17
2008-05-12,0,NYN,WAS,NYC17
2008-05-13,0,NYN,WAS,NYC17
2008-05-14,0,NYN,WAS,NYC17
2008-05-15,0,NYN,WAS,NYC17
2008-05-26,0,NYN,FLO,NYC17
2008-05-27,0,NYN,FLO,NYC17
2008-05-28,0,NYN,FLO,NYC17
2008-05-29,0,NYN,LAN,NYC17
2008-05-30,0,NYN,LAN,NYC17
2008-05-31,0,NYN,LAN,NYC17
2008-06-01,0,NYN,LAN,NYC17
2008-06-10,0,NYN,ARI,NYC17
2008-06-11,0,NYN,ARI,NYC17
2008-06-12,0,NYN,ARI,NYC17
2008-06-13,0,NYN,TEX,NYC17
2008-06-15,1,NYN,TEX,NYC17
2008-06-15,2,NYN,TEX,NYC17
2008-06-23,0,NYN,SEA,NYC17
2008-06-24,0,NYN,SEA,NYC17
2008-06-25,0,NYN,SEA,NYC17
2008-06-27,2,NYN,NYA,NYC17
2008-06-28,0,NYN,NYA,NYC17
2008-06-29,0,NYN,NYA,NYC17
2008-07-08,0,NYN,SFN,NYC17
2008-07-09,0,NYN,SFN,NYC17
2008-07-10,0,NYN,SFN,NYC17
2008-07-11,0,NYN,COL,NYC17
2008-07-12,0,NYN,COL,NYC17
2008-07-13,0,NYN,COL,NYC17
2008-07-22,0,NYN,PHI,NYC17
2008-07-23,0,NYN,PHI,NYC17
2008-07-24,0,NYN,PHI,NYC17
2008-07-25,0,NYN,SLN,NYC17
2008-07-26,0,NYN,SLN,NYC17
2008-07-27,0,NYN,SLN,NYC17
2008-08-05,0,NYN,SDN,NYC17
2008-08-06,0,NYN,SDN,NYC17
2008-08-07,0,NYN,SDN,NYC17
2008-08-08,0,NYN,FLO,NYC17
2008-08-09,0,NYN,FLO,NYC17
2008-08-10,0,NYN,FLO,NYC17
2008-08-11,0,NYN,PIT,NYC17
2008-08-19,0,NYN,ATL,NYC17
2008-08-20,0,NYN,ATL,NYC17
2008-08-21,0,NYN,ATL,NYC17
2008-08-22,0,NYN,HOU,NYC17
2008-08-23,0,NYN,HOU,NYC17
2008-08-24,0,NYN,HOU,NYC17
2008-08-25,0,NYN,HOU,NYC17
2008-09-05,0,NYN,PHI,NYC17
2008-09-07,1,NYN,PHI,NYC17
2008-09-07,2,NYN,PHI,NYC17
2008-09-09,0,NYN,WAS,NYC17
2008-09-10,0,NYN,WAS,NYC17
2008-09-13,1,NYN,ATL,NYC17
2008-09-13,2,NYN,ATL,NYC17
2008-09-14,0,NYN,ATL,NYC17
2008-09-22,0,NYN,CHN,NYC17
2008-09-23,0,NYN,CHN,NYC17
2008-09-24,0,NYN,CHN,NYC17
2008-09-25,0,NYN,CHN,NYC17
2008-09-26,0,NYN,FLO,NYC17
2008-09-27,0,NYN,FLO,NYC17
2008-03-25,0,OAK,BOS,TOK01
2008-03-26,0,OAK,BOS,TOK01
2008-04-01,0,OAK,BOS,OAK01
2008-04-02,0,OAK,BOS,OAK01
2008-04-04,0,OAK,CLE,OAK01
2008-04-05,0,OAK,CLE,OAK01
2008-04-06,0,OAK,CLE,OAK01
2008-04-16,0,OAK,SEA,OAK01
2008-04-17,0,OAK,SEA,OAK01
2008-04-18,0,OAK,KCA,OAK01
2008-04-19,0,OAK,KCA,OAK01
2008-04-20,0,OAK,KCA,OAK01
2008-04-22,0,OAK,MIN,OAK01
2008-04-23,0,OAK,MIN,OAK01
2008-04-24,0,OAK,MIN,OAK01
2008-05-02,0,OAK,TEX,OAK01
2008-05-03,0,OAK,TEX,OAK01
2008-05-04,0,OAK,TEX,OAK01
2008-05-05,0,OAK,BAL,OAK01
2008-05-06,0,OAK,BAL,OAK01
2008-05-07,0,OAK,BAL,OAK01
2008-05-19,0,OAK,TBA,OAK01
2008-05-20,0,OAK,TBA,OAK01
2008-05-21,0,OAK,TBA,OAK01
2008-05-23,0,OAK,BOS,OAK01
2008-05-24,0,OAK,BOS,OAK01
2008-05-25,0,OAK,BOS,OAK01
2008-05-27,0,OAK,TOR,OAK01
2008-05-28,0,OAK,TOR,OAK01
2008-05-29,0,OAK,TOR,OAK01
2008-06-02,0,OAK,DET,OAK01
2008-06-03,0,OAK,DET,OAK01
2008-06-04,0,OAK,DET,OAK01
2008-06-06,0,OAK,ANA,OAK01
2008-06-07,0,OAK,ANA,OAK01
2008-06-08,0,OAK,ANA,OAK01
2008-06-10,0,OAK,NYA,OAK01
2008-06-11,0,OAK,NYA,OAK01
2008-06-12,0,OAK,NYA,OAK01
2008-06-20,0,OAK,FLO,OAK01
2008-06-21,0,OAK,FLO,OAK01
2008-06-22,0,OAK,FLO,OAK01
2008-06-24,0,OAK,PHI,OAK01
2008-06-25,0,OAK,PHI,OAK01
2008-06-26,0,OAK,PHI,OAK01
2008-06-27,0,OAK,SFN,OAK01
2008-06-28,0,OAK,SFN,OAK01
2008-06-29,0,OAK,SFN,OAK01
2008-07-07,0,OAK,SEA,OAK01
2008-07-08,0,OAK,SEA,OAK01
2008-07-09,0,OAK,SEA,OAK01
2008-07-10,0,OAK,SEA,OAK01
2008-07-11,0,OAK,ANA,OAK01
2008-07-12,0,OAK,ANA,OAK01
2008-07-13,0,OAK,ANA,OAK01
2008-07-25,0,OAK,TEX,OAK01
2008-07-26,0,OAK,TEX,OAK01
2008-07-27,0,OAK,TEX,OAK01
2008-07-28,0,OAK,KCA,OAK01
2008-07-29,0,OAK,KCA,OAK01
2008-07-30,0,OAK,KCA,OAK01
2008-08-12,0,OAK,TBA,OAK01
2008-08-13,0,OAK,TBA,OAK01
2008-08-14,0,OAK,TBA,OAK01
2008-08-15,0,OAK,CHA,OAK01
2008-08-16,0,OAK,CHA,OAK01
2008-08-17,0,OAK,CHA,OAK01
2008-08-28,0,OAK,MIN,OAK01
2008-08-29,0,OAK,MIN,OAK01
2008-08-30,0,OAK,MIN,OAK01
2008-08-31,0,OAK,MIN,OAK01
2008-09-11,0,OAK,TEX,OAK01
2008-09-12,0,OAK,TEX,OAK01
2008-09-13,0,OAK,TEX,OAK01
2008-09-14,0,OAK,TEX,OAK01
2008-09-16,0,OAK,ANA,OAK01
2008-09-17,0,OAK,ANA,OAK01
2008-09-18,0,OAK,ANA,OAK01
2008-09-19,0,OAK,SEA,OAK01
2008-09-20,0,OAK,SEA,OAK01
2008-03-31,0,PHI,WAS,PHI13
2008-04-02,0,PHI,WAS,PHI13
2008-04-03,0,PHI,WAS,PHI13
2008-04-11,0,PHI,CHN,PHI13
2008-04-12,0,PHI,CHN,PHI13
2008-04-13,0,PHI,CHN,PHI13
2008-04-15,0,PHI,HOU,PHI13
2008-04-16,0,PHI,HOU,PHI13
2008-04-17,0,PHI,HOU,PHI13
2008-04-18,0,PHI,NYN,PHI13
2008-04-19,0,PHI,NYN,PHI13
2008-04-20,0,PHI,NYN,PHI13
2008-04-29,0,PHI,SDN,PHI13
2008-04-30,0,PHI,SDN,PHI13
2008-05-01,0,PHI,SDN,PHI13
2008-05-02,0,PHI,SFN,PHI13
2008-05-03,0,PHI,SFN,PHI13
2008-05-04,0,PHI,SFN,PHI13
2008-05-13,0,PHI,ATL,PHI13
2008-05-14,0,PHI,ATL,PHI13
2008-05-15,0,PHI,ATL,PHI13
2008-05-16,0,PHI,TOR,PHI13
2008-05-17,0,PHI,TOR,PHI13
2008-05-18,0,PHI,TOR,PHI13
2008-05-26,0,PHI,COL,PHI13
2008-05-27,0,PHI,COL,PHI13
2008-05-28,0,PHI,COL,PHI13
2008-05-30,0,PHI,FLO,PHI13
2008-05-31,0,PHI,FLO,PHI13
2008-06-01,0,PHI,FLO,PHI13
2008-06-02,0,PHI,CIN,PHI13
2008-06-03,0,PHI,CIN,PHI13
2008-06-04,0,PHI,CIN,PHI13
2008-06-05,0,PHI,CIN,PHI13
2008-06-16,0,PHI,BOS,PHI13
2008-06-17,0,PHI,BOS,PHI13
2008-06-18,0,PHI,BOS,PHI13
2008-06-20,0,PHI,ANA,PHI13
2008-06-21,0,PHI,ANA,PHI13
2008-06-22,0,PHI,ANA,PHI13
2008-07-04,0,PHI,NYN,PHI13
2008-07-05,0,PHI,NYN,PHI13
2008-07-06,0,PHI,NYN,PHI13
2008-07-07,0,PHI,NYN,PHI13
2008-07-08,0,PHI,SLN,PHI13
2008-07-09,0,PHI,SLN,PHI13
2008-07-10,0,PHI,SLN,PHI13
2008-07-11,0,PHI,ARI,PHI13
2008-07-12,0,PHI,ARI,PHI13
2008-07-13,0,PHI,ARI,PHI13
2008-07-25,0,PHI,ATL,PHI13
2008-07-26,0,PHI,ATL,PHI13
2008-07-27,0,PHI,ATL,PHI13
2008-08-05,0,PHI,FLO,PHI13
2008-08-06,0,PHI,FLO,PHI13
2008-08-07,0,PHI,FLO,PHI13
2008-08-08,0,PHI,PIT,PHI13
2008-08-09,0,PHI,PIT,PHI13
2008-08-10,0,PHI,PIT,PHI13
2008-08-19,0,PHI,WAS,PHI13
2008-08-20,0,PHI,WAS,PHI13
2008-08-21,0,PHI,WAS,PHI13
2008-08-22,0,PHI,LAN,PHI13
2008-08-23,0,PHI,LAN,PHI13
2008-08-24,0,PHI,LAN,PHI13
2008-08-25,0,PHI,LAN,PHI13
2008-08-26,0,PHI,NYN,PHI13
2008-08-27,0,PHI,NYN,PHI13
2008-09-08,0,PHI,FLO,PHI13
2008-09-09,0,PHI,FLO,PHI13
2008-09-10,0,PHI,FLO,PHI13
2008-09-11,0,PHI,MIL,PHI13
2008-09-13,0,PHI,MIL,PHI13
2008-09-14,1,PHI,MIL,PHI13
2008-09-14,2,PHI,MIL,PHI13
2008-09-22,0,PHI,ATL,PHI13
2008-09-23,0,PHI,ATL,PHI13
2008-09-24,0,PHI,ATL,PHI13
2008-09-26,0,PHI,WAS,PHI13
2008-09-27,0,PHI,WAS,PHI13
2008-04-07,0,PIT,CHN,PIT08
2008-04-09,0,PIT,CHN,PIT08
2008-04-10,0,PIT,CHN,PIT08
2008-04-11,0,PIT,CIN,PIT08
2008-04-12,0,PIT,CIN,PIT08
2008-04-13,0,PIT,CIN,PIT08
2008-04-21,0,PIT,FLO,PIT08
2008-04-22,0,PIT,FLO,PIT08
2008-04-23,0,PIT,SLN,PIT08
2008-04-24,0,PIT,SLN,PIT08
2008-04-25,0,PIT,PHI,PIT08
2008-04-26,0,PIT,PHI,PIT08
2008-04-27,0,PIT,PHI,PIT08
2008-05-06,0,PIT,SFN,PIT08
2008-05-07,0,PIT,SFN,PIT08
2008-05-08,0,PIT,SFN,PIT08
2008-05-09,0,PIT,ATL,PIT08
2008-05-10,0,PIT,ATL,PIT08
2008-05-12,1,PIT,ATL,PIT08
2008-05-12,2,PIT,ATL,PIT08
2008-05-20,0,PIT,MIL,PIT08
2008-05-21,0,PIT,MIL,PIT08
2008-05-22,0,PIT,MIL,PIT08
2008-05-23,0,PIT,CHN,PIT08
2008-05-24,0,PIT,CHN,PIT08
2008-05-25,0,PIT,CHN,PIT08
2008-06-03,0,PIT,HOU,PIT08
2008-06-04,0,PIT,HOU,PIT08
2008-06-05,0,PIT,HOU,PIT08
2008-06-06,0,PIT,ARI,PIT08
2008-06-07,0,PIT,ARI,PIT08
2008-06-08,0,PIT,ARI,PIT08
2008-06-09,0,PIT,ARI,PIT08
2008-06-10,0,PIT,WAS,PIT08
2008-06-11,0,PIT,WAS,PIT08
2008-06-12,0,PIT,WAS,PIT08
2008-06-20,0,PIT,TOR,PIT08
2008-06-21,0,PIT,TOR,PIT08
2008-06-22,0,PIT,TOR,PIT08
2008-06-24,0,PIT,NYA,PIT08
2008-06-25,0,PIT,NYA,PIT08
2008-06-27,0,PIT,TBA,PIT08
2008-06-28,0,PIT,TBA,PIT08
2008-06-29,0,PIT,TBA,PIT08
2008-07-07,0,PIT,HOU,PIT08
2008-07-08,0,PIT,HOU,PIT08
2008-07-09,0,PIT,HOU,PIT08
2008-07-10,0,PIT,NYA,PIT08
2008-07-11,0,PIT,SLN,PIT08
2008-07-12,0,PIT,SLN,PIT08
2008-07-13,0,PIT,SLN,PIT08
2008-07-24,0,PIT,SDN,PIT08
2008-07-25,0,PIT,SDN,PIT08
2008-07-26,0,PIT,SDN,PIT08
2008-07-27,0,PIT,SDN,PIT08
2008-07-28,0,PIT,COL,PIT08
2008-07-29,0,PIT,COL,PIT08
2008-07-30,0,PIT,COL,PIT08
2008-08-12,0,PIT,CIN,PIT08
2008-08-13,0,PIT,CIN,PIT08
2008-08-14,0,PIT,CIN,PIT08
2008-08-15,0,PIT,NYN,PIT08
2008-08-16,0,PIT,NYN,PIT08
2008-08-17,0,PIT,NYN,PIT08
2008-08-18,0,PIT,NYN,PIT08
2008-08-25,0,PIT,CHN,PIT08
2008-08-26,0,PIT,CHN,PIT08
2008-08-27,0,PIT,CHN,PIT08
2008-08-29,0,PIT,MIL,PIT08
2008-08-30,0,PIT,MIL,PIT08
2008-08-31,0,PIT,MIL,PIT08
2008-09-12,0,PIT,SLN,PIT08
2008-09-13,0,PIT,SLN,PIT08
2008-09-14,0,PIT,SLN,PIT08
2008-09-15,0,PIT,LAN,PIT08
2008-09-16,0,PIT,LAN,PIT08
2008-09-17,0,PIT,LAN,PIT08
2008-09-18,0,PIT,LAN,PIT08
2008-09-19,0,PIT,HOU,PIT08
2008-09-20,0,PIT,HOU,PIT08
2008-03-31,0,SDN,HOU,SAN02
2008-04-01,0,SDN,HOU,SAN02
2008-04-02,0,SDN,HOU,SAN02
2008-04-03,0,SDN,HOU,SAN02
2008-04-04,0,SDN,LAN,SAN02
2008-04-05,0,SDN,LAN,SAN02
2008-04-06,0,SDN,LAN,SAN02
2008-04-15,0,SDN,COL,SAN02
2008-04-16,0,SDN,COL,SAN02
2008-04-17,0,SDN,COL,SAN02
2008-04-23,0,SDN,SFN,SAN02
2008-04-24,0,SDN,SFN,SAN02
2008-04-25,0,SDN,ARI,SAN02
2008-04-26,0,SDN,ARI,SAN02
2008-04-27,0,SDN,ARI,SAN02
2008-05-09,0,SDN,COL,SAN02
2008-05-10,0,SDN,COL,SAN02
2008-05-11,0,SDN,COL,SAN02
2008-05-19,0,SDN,SLN,SAN02
2008-05-20,0,SDN,SLN,SAN02
2008-05-21,0,SDN,SLN,SAN02
2008-05-22,0,SDN,CIN,SAN02
2008-05-23,0,SDN,CIN,SAN02
2008-05-24,0,SDN,CIN,SAN02
2008-05-25,0,SDN,CIN,SAN02
2008-05-27,0,SDN,WAS,SAN02
2008-05-28,0,SDN,WAS,SAN02
2008-05-29,0,SDN,WAS,SAN02
2008-06-02,0,SDN,CHN,SAN02
2008-06-03,0,SDN,CHN,SAN02
2008-06-04,0,SDN,CHN,SAN02
2008-06-05,0,SDN,NYN,SAN02
2008-06-06,0,SDN,NYN,SAN02
2008-06-07,0,SDN,NYN,SAN02
2008-06-08,0,SDN,NYN,SAN02
2008-06-10,0,SDN,LAN,SAN02
2008-06-11,0,SDN,LAN,SAN02
2008-06-12,0,SDN,LAN,SAN02
2008-06-20,0,SDN,DET,SAN02
2008-06-21,0,SDN,DET,SAN02
2008-06-22,0,SDN,DET,SAN02
2008-06-24,0,SDN,MIN,SAN02
2008-06-25,0,SDN,MIN,SAN02
2008-06-26,0,SDN,MIN,SAN02
2008-06-27,0,SDN,SEA,SAN02
2008-06-28,0,SDN,SEA,SAN02
2008-06-29,0,SDN,SEA,SAN02
2008-07-07,0,SDN,FLO,SAN02
2008-07-08,0,SDN,FLO,SAN02
2008-07-09,0,SDN,FLO,SAN02
2008-07-11,0,SDN,ATL,SAN02
2008-07-12,0,SDN,ATL,SAN02
2008-07-13,0,SDN,ATL,SAN02
2008-07-28,0,SDN,ARI,SAN02
2008-07-29,0,SDN,ARI,SAN02
2008-07-30,0,SDN,ARI,SAN02
2008-08-01,0,SDN,SFN,SAN02
2008-08-02,0,SDN,SFN,SAN02
2008-08-03,0,SDN,SFN,SAN02
2008-08-12,0,SDN,MIL,SAN02
2008-08-13,0,SDN,MIL,SAN02
2008-08-14,0,SDN,MIL,SAN02
2008-08-15,0,SDN,PHI,SAN02
2008-08-16,0,SDN,PHI,SAN02
2008-08-17,0,SDN,PHI,SAN02
2008-08-25,0,SDN,ARI,SAN02
2008-08-26,0,SDN,ARI,SAN02
2008-08-27,0,SDN,ARI,SAN02
2008-08-29,0,SDN,COL,SAN02
2008-08-30,0,SDN,COL,SAN02
2008-08-31,0,SDN,COL,SAN02
2008-09-08,0,SDN,LAN,SAN02
2008-09-09,0,SDN,LAN,SAN02
2008-09-10,0,SDN,LAN,SAN02
2008-09-11,0,SDN,SFN,SAN02
2008-09-12,0,SDN,SFN,SAN02
2008-09-13,0,SDN,SFN,SAN02
2008-09-14,0,SDN,SFN,SAN02
2008-09-26,0,SDN,PIT,SAN02
2008-09-27,0,SDN,PIT,SAN02
2008-03-31,0,SEA,TEX,SEA03
2008-04-01,0,SEA,TEX,SEA03
2008-04-02,0,SEA,TEX,SEA03
2008-04-11,0,SEA,ANA,SEA03
2008-04-12,0,SEA,ANA,SEA03
2008-04-13,0,SEA,ANA,SEA03
2008-04-14,0,SEA,KCA,SEA03
2008-04-15,0,SEA,KCA,SEA03
2008-04-22,0,SEA,BAL,SEA03
2008-04-23,0,SEA,BAL,SEA03
2008-04-24,0,SEA,BAL,SEA03
2008-04-25,0,SEA,OAK,SEA03
2008-04-26,0,SEA,OAK,SEA03
2008-04-27,0,SEA,OAK,SEA03
2008-05-05,0,SEA,TEX,SEA03
2008-05-06,0,SEA,TEX,SEA03
2008-05-07,0,SEA,TEX,SEA03
2008-05-08,0,SEA,TEX,SEA03
2008-05-09,0,SEA,CHA,SEA03
2008-05-10,0,SEA,CHA,SEA03
2008-05-11,0,SEA,CHA,SEA03
2008-05-16,0,SEA,SDN,SEA03
2008-05-17,0,SEA,SDN,SEA03
2008-05-18,0,SEA,SDN,SEA03
2008-05-26,0,SEA,BOS,SEA03
2008-05-27,0,SEA,BOS,SEA03
2008-05-28,0,SEA,BOS,SEA03
2008-05-30,0,SEA,DET,SEA03
2008-05-31,0,SEA,DET,SEA03
2008-06-01,0,SEA,DET,SEA03
2008-06-02,0,SEA,ANA,SEA03
2008-06-03,0,SEA,ANA,SEA03
2008-06-04,0,SEA,ANA,SEA03
2008-06-13,0,SEA,WAS,SEA03
2008-06-14,0,SEA,WAS,SEA03
2008-06-15,0,SEA,WAS,SEA03
2008-06-16,0,SEA,FLO,SEA03
2008-06-17,0,SEA,FLO,SEA03
2008-06-18,0,SEA,FLO,SEA03
2008-06-30,0,SEA,TOR,SEA03
2008-07-01,0,SEA,TOR,SEA03
2008-07-02,0,SEA,TOR,SEA03
2008-07-03,0,SEA,DET,SEA03
2008-07-04,0,SEA,DET,SEA03
2008-07-05,0,SEA,DET,SEA03
2008-07-06,0,SEA,DET,SEA03
2008-07-18,0,SEA,CLE,SEA03
2008-07-19,0,SEA,CLE,SEA03
2008-07-20,0,SEA,CLE,SEA03
2008-07-21,0,SEA,BOS,SEA03
2008-07-22,0,SEA,BOS,SEA03
2008-07-23,0,SEA,BOS,SEA03
2008-08-01,0,SEA,BAL,SEA03
2008-08-02,0,SEA,BAL,SEA03
2008-08-03,0,SEA,BAL,SEA03
2008-08-04,0,SEA,MIN,SEA03
2008-08-05,0,SEA,MIN,SEA03
2008-08-06,0,SEA,MIN,SEA03
2008-08-07,0,SEA,TBA,SEA03
2008-08-08,0,SEA,TBA,SEA03
2008-08-09,0,SEA,TBA,SEA03
2008-08-10,0,SEA,TBA,SEA03
2008-08-21,0,SEA,OAK,SEA03
2008-08-22,0,SEA,OAK,SEA03
2008-08-23,0,SEA,OAK,SEA03
2008-08-24,0,SEA,OAK,SEA03
2008-08-25,0,SEA,MIN,SEA03
2008-08-26,0,SEA,MIN,SEA03
2008-08-27,0,SEA,MIN,SEA03
2008-09-05,0,SEA,NYA,SEA03
2008-09-06,0,SEA,NYA,SEA03
2008-09-07,0,SEA,NYA,SEA03
2008-09-09,0,SEA,TEX,SEA03
2008-09-10,0,SEA,TEX,SEA03
2008-09-22,0,SEA,ANA,SEA03
2008-09-23,0,SEA,ANA,SEA03
2008-09-24,0,SEA,ANA,SEA03
2008-09-25,0,SEA,ANA,SEA03
2008-09-26,0,SEA,OAK,SEA03
2008-09-27,0,SEA,OAK,SEA03
2008-04-07,0,SFN,SDN,SFO03
2008-04-08,0,SFN,SDN,SFO03
2008-04-09,0,SFN,SDN,SFO03
2008-04-10,0,SFN,SLN,SFO03
2008-04-11,0,SFN,SLN,SFO03
2008-04-12,0,SFN,SLN,SFO03
2008-04-13,0,SFN,SLN,SFO03
2008-04-14,0,SFN,ARI,SFO03
2008-04-15,0,SFN,ARI,SFO03
2008-04-16,0,SFN,ARI,SFO03
2008-04-25,0,SFN,CIN,SFO03
2008-04-26,0,SFN,CIN,SFO03
2008-04-27,0,SFN,CIN,SFO03
2008-04-28,0,SFN,COL,SFO03
2008-04-29,0,SFN,COL,SFO03
2008-04-30,0,SFN,COL,SFO03
2008-05-09,0,SFN,PHI,SFO03
2008-05-10,0,SFN,PHI,SFO03
2008-05-11,0,SFN,PHI,SFO03
2008-05-12,0,SFN,HOU,SFO03
2008-05-13,0,SFN,HOU,SFO03
2008-05-14,0,SFN,HOU,SFO03
2008-05-15,0,SFN,HOU,SFO03
2008-05-16,0,SFN,CHA,SFO03
2008-05-17,0,SFN,CHA,SFO03
2008-05-18,0,SFN,CHA,SFO03
2008-05-30,0,SFN,SDN,SFO03
2008-05-31,0,SFN,SDN,SFO03
2008-06-01,0,SFN,SDN,SFO03
2008-06-02,0,SFN,NYN,SFO03
2008-06-03,0,SFN,NYN,SFO03
2008-06-04,0,SFN,NYN,SFO03
2008-06-13,0,SFN,OAK,SFO03
2008-06-14,0,SFN,OAK,SFO03
2008-06-15,0,SFN,OAK,SFO03
2008-06-16,0,SFN,DET,SFO03
2008-06-17,0,SFN,DET,SFO03
2008-06-18,0,SFN,DET,SFO03
2008-06-30,0,SFN,CHN,SFO03
2008-07-01,0,SFN,CHN,SFO03
2008-07-02,0,SFN,CHN,SFO03
2008-07-03,0,SFN,CHN,SFO03
2008-07-04,0,SFN,LAN,SFO03
2008-07-05,0,SFN,LAN,SFO03
2008-07-06,0,SFN,LAN,SFO03
2008-07-18,0,SFN,MIL,SFO03
2008-07-19,0,SFN,MIL,SFO03
2008-07-20,0,SFN,MIL,SFO03
2008-07-22,0,SFN,WAS,SFO03
2008-07-23,0,SFN,WAS,SFO03
2008-07-24,0,SFN,WAS,SFO03
2008-07-25,0,SFN,ARI,SFO03
2008-07-26,0,SFN,ARI,SFO03
2008-07-27,0,SFN,ARI,SFO03
2008-08-04,0,SFN,ATL,SFO03
2008-08-05,0,SFN,ATL,SFO03
2008-08-06,0,SFN,ATL,SFO03
2008-08-08,0,SFN,LAN,SFO03
2008-08-09,0,SFN,LAN,SFO03
2008-08-10,0,SFN,LAN,SFO03
2008-08-19,0,SFN,FLO,SFO03
2008-08-20,0,SFN,FLO,SFO03
2008-08-21,0,SFN,FLO,SFO03
2008-08-22,0,SFN,SDN,SFO03
2008-08-23,0,SFN,SDN,SFO03
2008-08-24,0,SFN,SDN,SFO03
2008-08-25,0,SFN,COL,SFO03
2008-08-26,0,SFN,COL,SFO03
2008-08-27,0,SFN,COL,SFO03
2008-09-05,0,SFN,PIT,SFO03
2008-09-06,0,SFN,PIT,SFO03
2008-09-07,0,SFN,PIT,SFO03
2008-09-08,0,SFN,ARI,SFO03
2008-09-09,0,SFN,ARI,SFO03
2008-09-10,0,SFN,ARI,SFO03
2008-09-23,0,SFN,COL,SFO03
2008-09-24,0,SFN,COL,SFO03
2008-09-25,0,SFN,COL,SFO03
2008-09-26,0,SFN,LAN,SFO03
2008-09-27,0,SFN,LAN,SFO03
2008-04-01,0,SLN,COL,STL10
2008-04-02,0,SLN,COL,STL10
2008-04-03,0,SLN,COL,STL10
2008-04-04,0,SLN,WAS,STL10
2008-04-05,0,SLN,WAS,STL10
2008-04-06,0,SLN,WAS,STL10
2008-04-15,0,SLN,MIL,STL10
2008-04-16,0,SLN,MIL,STL10
2008-04-17,0,SLN,MIL,STL10
2008-04-18,0,SLN,SFN,STL10
2008-04-19,0,SLN,SFN,STL10
2008-04-20,0,SLN,SFN,STL10
2008-04-25,0,SLN,HOU,STL10
2008-04-26,0,SLN,HOU,STL10
2008-04-27,0,SLN,HOU,STL10
2008-04-28,0,SLN,CIN,STL10
2008-04-29,0,SLN,CIN,STL10
2008-04-30,0,SLN,CIN,STL10
2008-05-02,0,SLN,CHN,STL10
2008-05-03,0,SLN,CHN,STL10
2008-05-04,0,SLN,CHN,STL10
2008-05-13,0,SLN,PIT,STL10
2008-05-14,0,SLN,PIT,STL10
2008-05-15,0,SLN,PIT,STL10
2008-05-16,0,SLN,TBA,STL10
2008-05-17,0,SLN,TBA,STL10
2008-05-18,0,SLN,TBA,STL10
2008-05-27,0,SLN,HOU,STL10
2008-05-28,0,SLN,HOU,STL10
2008-05-29,0,SLN,HOU,STL10
2008-05-30,0,SLN,PIT,STL10
2008-05-31,0,SLN,PIT,STL10
2008-06-01,0,SLN,PIT,STL10
2008-06-02,0,SLN,PIT,STL10
2008-06-13,0,SLN,PHI,STL10
2008-06-14,0,SLN,PHI,STL10
2008-06-15,0,SLN,PHI,STL10
2008-06-17,0,SLN,KCA,STL10
2008-06-18,0,SLN,KCA,STL10
2008-06-19,0,SLN,KCA,STL10
2008-06-30,0,SLN,NYN,STL10
2008-07-01,0,SLN,NYN,STL10
2008-07-02,0,SLN,NYN,STL10
2008-07-03,0,SLN,NYN,STL10
2008-07-04,0,SLN,CHN,STL10
2008-07-05,0,SLN,CHN,STL10
2008-07-06,0,SLN,CHN,STL10
2008-07-17,0,SLN,SDN,STL10
2008-07-18,0,SLN,SDN,STL10
2008-07-19,0,SLN,SDN,STL10
2008-07-20,0,SLN,SDN,STL10
2008-07-21,0,SLN,MIL,STL10
2008-07-22,0,SLN,MIL,STL10
2008-07-23,0,SLN,MIL,STL10
2008-07-24,0,SLN,MIL,STL10
2008-08-01,0,SLN,PHI,STL10
2008-08-02,0,SLN,PHI,STL10
2008-08-03,0,SLN,PHI,STL10
2008-08-05,0,SLN,LAN,STL10
2008-08-06,0,SLN,LAN,STL10
2008-08-07,0,SLN,LAN,STL10
2008-08-19,0,SLN,PIT,STL10
2008-08-20,0,SLN,PIT,STL10
2008-08-22,0,SLN,ATL,STL10
2008-08-23,0,SLN,ATL,STL10
2008-08-24,0,SLN,ATL,STL10
2008-08-26,0,SLN,MIL,STL10
2008-08-27,0,SLN,MIL,STL10
2008-09-05,0,SLN,FLO,STL10
2008-09-06,0,SLN,FLO,STL10
2008-09-07,0,SLN,FLO,STL10
2008-09-09,0,SLN,CHN,STL10
2008-09-10,0,SLN,CHN,STL10
2008-09-11,0,SLN,CHN,STL10
2008-09-22,0,SLN,ARI,STL10
2008-09-23,0,SLN,ARI,STL10
2008-09-24,0,SLN,ARI,STL10
2008-09-25,0,SLN,ARI,STL10
2008-09-26,0,SLN,CIN,STL10
2008-09-27,0,SLN,CIN,STL10
2008-04-08,0,TBA,SEA,STP01
2008-04-09,0,TBA,SEA,STP01
2008-04-10,0,TBA,SEA,STP01
2008-04-11,0,TBA,BAL,STP01
2008-04-12,0,TBA,BAL,STP01
2008-04-13,0,TBA,BAL,STP01
2008-04-14,0,TBA,NYA,STP01
2008-04-15,0,TBA,NYA,STP01
2008-04-18,0,TBA,CHA,STP01
2008-04-19,0,TBA,CHA,STP01
2008-04-20,0,TBA,CHA,STP01
2008-04-22,0,TBA,TOR,LBV01
2008-04-23,0,TBA,TOR,LBV01
2008-04-24,0,TBA,TOR,LBV01
2008-04-25,0,TBA,BOS,STP01
2008-04-26,0,TBA,BOS,STP01
2008-04-27,0,TBA,BOS,STP01
2008-05-09,0,TBA,ANA,STP01
2008-05-10,0,TBA,ANA,STP01
2008-05-11,0,TBA,ANA,STP01
2008-05-12,0,TBA,NYA,STP01
2008-05-13,0,TBA,NYA,STP01
2008-05-14,0,TBA,NYA,STP01
2008-05-15,0,TBA,NYA,STP01
2008-05-23,0,TBA,BAL,STP01
2008-05-24,0,TBA,BAL,STP01
2008-05-25,0,TBA,BAL,STP01
2008-05-26,0,TBA,TEX,STP01
2008-05-27,0,TBA,TEX,STP01
2008-05-28,0,TBA,TEX,STP01
2008-05-29,0,TBA,CHA,STP01
2008-05-30,0,TBA,CHA,STP01
2008-05-31,0,TBA,CHA,STP01
2008-06-01,0,TBA,CHA,STP01
2008-06-13,0,TBA,FLO,STP01
2008-06-14,0,TBA,FLO,STP01
2008-06-15,0,TBA,FLO,STP01
2008-06-17,0,TBA,CHN,STP01
2008-06-18,0,TBA,CHN,STP01
2008-06-19,0,TBA,CHN,STP01
2008-06-20,0,TBA,HOU,STP01
2008-06-21,0,TBA,HOU,STP01
2008-06-22,0,TBA,HOU,STP01
2008-06-30,0,TBA,BOS,STP01
2008-07-01,0,TBA,BOS,STP01
2008-07-02,0,TBA,BOS,STP01
2008-07-04,0,TBA,KCA,STP01
2008-07-05,0,TBA,KCA,STP01
2008-07-06,0,TBA,KCA,STP01
2008-07-07,0,TBA,KCA,STP01
2008-07-18,0,TBA,TOR,STP01
2008-07-19,0,TBA,TOR,STP01
2008-07-20,0,TBA,TOR,STP01
2008-07-21,0,TBA,OAK,STP01
2008-07-22,0,TBA,OAK,STP01
2008-07-23,0,TBA,OAK,STP01
2008-08-01,0,TBA,DET,STP01
2008-08-02,0,TBA,DET,STP01
2008-08-03,0,TBA,DET,STP01
2008-08-04,0,TBA,CLE,STP01
2008-08-05,0,TBA,CLE,STP01
2008-08-06,0,TBA,CLE,STP01
2008-08-18,0,TBA,ANA,STP01
2008-08-19,0,TBA,ANA,STP01
2008-08-20,0,TBA,ANA,STP01
2008-08-26,0,TBA,TOR,STP01
2008-08-27,0,TBA,TOR,STP01
2008-08-28,0,TBA,TOR,STP01
2008-08-29,0,TBA,BAL,STP01
2008-08-30,0,TBA,BAL,STP01
2008-08-31,0,TBA,BAL,STP01
2008-09-02,0,TBA,NYA,STP01
2008-09-03,0,TBA,NYA,STP01
2008-09-04,0,TBA,NYA,STP01
2008-09-15,0,TBA,BOS,STP01
2008-09-16,0,TBA,BOS,STP01
2008-09-17,0,TBA,BOS,STP01
2008-09-18,0,TBA,MIN,STP01
2008-09-19,0,TBA,MIN,STP01
2008-09-20,0,TBA,MIN,STP01
2008-04-08,0,TEX,BAL,ARL02
2008-04-10,1,TEX,BAL,ARL02
2008-04-10,2,TEX,BAL,ARL02
2008-04-11,0,TEX,TOR,ARL02
2008-04-12,0,TEX,TOR,ARL02
2008-04-13,0,TEX,TOR,ARL02
2008-04-14,0,TEX,ANA,ARL02
2008-04-15,0,TEX,ANA,ARL02
2008-04-25,0,TEX,MIN,ARL02
2008-04-26,0,TEX,MIN,ARL02
2008-04-27,0,TEX,MIN,ARL02
2008-04-29,0,TEX,KCA,ARL02
2008-04-30,0,TEX,KCA,ARL02
2008-05-01,0,TEX,KCA,ARL02
2008-05-09,0,TEX,OAK,ARL02
2008-05-10,0,TEX,OAK,ARL02
2008-05-11,0,TEX,OAK,ARL02
2008-05-12,0,TEX,SEA,ARL02
2008-05-13,0,TEX,SEA,ARL02
2008-05-14,0,TEX,SEA,ARL02
2008-05-16,0,TEX,HOU,ARL02
2008-05-17,0,TEX,HOU,ARL02
2008-05-18,0,TEX,HOU,ARL02
2008-05-30,0,TEX,OAK,ARL02
2008-05-31,0,TEX,OAK,ARL02
2008-06-01,0,TEX,OAK,ARL02
2008-06-02,0,TEX,CLE,ARL02
2008-06-03,0,TEX,CLE,ARL02
2008-06-04,0,TEX,CLE,ARL02
2008-06-05,0,TEX,CLE,ARL02
2008-06-06,0,TEX,TBA,ARL02
2008-06-07,0,TEX,TBA,ARL02
2008-06-08,0,TEX,TBA,ARL02
2008-06-17,0,TEX,ATL,ARL02
2008-06-18,0,TEX,ATL,ARL02
2008-06-19,0,TEX,ATL,ARL02
2008-06-27,0,TEX,PHI,ARL02
2008-06-28,0,TEX,PHI,ARL02
2008-06-29,0,TEX,PHI,ARL02
2008-07-07,0,TEX,ANA,ARL02
2008-07-08,0,TEX,ANA,ARL02
2008-07-09,0,TEX,ANA,ARL02
2008-07-10,0,TEX,ANA,ARL02
2008-07-11,0,TEX,CHA,ARL02
2008-07-12,0,TEX,CHA,ARL02
2008-07-13,0,TEX,CHA,ARL02
2008-07-28,0,TEX,SEA,ARL02
2008-07-29,0,TEX,SEA,ARL02
2008-07-30,0,TEX,SEA,ARL02
2008-07-31,0,TEX,SEA,ARL02
2008-08-01,0,TEX,TOR,ARL02
2008-08-02,0,TEX,TOR,ARL02
2008-08-03,0,TEX,TOR,ARL02
2008-08-04,0,TEX,NYA,ARL02
2008-08-05,0,TEX,NYA,ARL02
2008-08-06,0,TEX,NYA,ARL02
2008-08-07,0,TEX,NYA,ARL02
2008-08-15,0,TEX,TBA,ARL02
2008-08-16,0,TEX,TBA,ARL02
2008-08-17,0,TEX,TBA,ARL02
2008-08-18,0,TEX,DET,ARL02
2008-08-19,0,TEX,DET,ARL02
2008-08-20,0,TEX,DET,ARL02
2008-08-22,0,TEX,CLE,ARL02
2008-08-23,0,TEX,CLE,ARL02
2008-08-24,0,TEX,CLE,ARL02
2008-09-01,0,TEX,SEA,ARL02
2008-09-02,0,TEX,SEA,ARL02
2008-09-03,0,TEX,SEA,ARL02
2008-09-05,0,TEX,BOS,ARL02
2008-09-06,0,TEX,BOS,ARL02
2008-09-07,0,TEX,BOS,ARL02
2008-09-15,0,TEX,DET,ARL02
2008-09-16,0,TEX,DET,ARL02
2008-09-17,0,TEX,DET,ARL02
2008-09-19,0,TEX,ANA,ARL02
2008-09-20,0,TEX,ANA,ARL02
2008-09-21,0,TEX,ANA,ARL02
2008-09-22,0,TEX,OAK,ARL02
2008-09-23,0,TEX,OAK,ARL02
2008-04-04,0,TOR,BOS,TOR02
2008-04-05,0,TOR,BOS,TOR02
2008-04-06,0,TOR,BOS,TOR02
2008-04-08,0,TOR,OAK,TOR02
2008-04-09,0,TOR,OAK,TOR02
2008-04-10,0,TOR,OAK,TOR02
2008-04-16,0,TOR,TEX,TOR02
2008-04-17,0,TOR,TEX,TOR02
2008-04-18,0,TOR,DET,TOR02
2008-04-19,0,TOR,DET,TOR02
2008-04-20,0,TOR,DET,TOR02
2008-04-21,0,TOR,DET,TOR02
2008-05-02,0,TOR,CHA,TOR02
2008-05-03,0,TOR,CHA,TOR02
2008-05-04,0,TOR,CHA,TOR02
2008-05-05,0,TOR,CHA,TOR02
2008-05-06,0,TOR,TBA,TOR02
2008-05-07,0,TOR,TBA,TOR02
2008-05-08,0,TOR,TBA,TOR02
2008-05-20,0,TOR,ANA,TOR02
2008-05-21,0,TOR,ANA,TOR02
2008-05-22,0,TOR,ANA,TOR02
2008-05-23,0,TOR,KCA,TOR02
2008-05-24,0,TOR,KCA,TOR02
2008-05-25,0,TOR,KCA,TOR02
2008-05-26,0,TOR,KCA,TOR02
2008-06-06,0,TOR,BAL,TOR02
2008-06-07,0,TOR,BAL,TOR02
2008-06-08,0,TOR,BAL,TOR02
2008-06-09,0,TOR,SEA,TOR02
2008-06-10,0,TOR,SEA,TOR02
2008-06-11,0,TOR,SEA,TOR02
2008-06-13,0,TOR,CHN,TOR02
2008-06-14,0,TOR,CHN,TOR02
2008-06-15,0,TOR,CHN,TOR02
2008-06-24,0,TOR,CIN,TOR02
2008-06-25,0,TOR,CIN,TOR02
2008-06-26,0,TOR,CIN,TOR02
2008-06-27,0,TOR,ATL,TOR02
2008-06-28,0,TOR,ATL,TOR02
2008-06-29,0,TOR,ATL,TOR02
2008-07-08,0,TOR,BAL,TOR02
2008-07-09,0,TOR,BAL,TOR02
2008-07-10,0,TOR,BAL,TOR02
2008-07-11,0,TOR,NYA,TOR02
2008-07-12,0,TOR,NYA,TOR02
2008-07-13,0,TOR,NYA,TOR02
2008-07-25,0,TOR,SEA,TOR02
2008-07-26,0,TOR,SEA,TOR02
2008-07-27,0,TOR,SEA,TOR02
2008-07-28,0,TOR,TBA,TOR02
2008-07-29,0,TOR,TBA,TOR02
2008-07-30,0,TOR,TBA,TOR02
2008-08-04,0,TOR,OAK,TOR02
2008-08-05,0,TOR,OAK,TOR02
2008-08-06,0,TOR,OAK,TOR02
2008-08-07,0,TOR,OAK,TOR02
2008-08-08,0,TOR,CLE,TOR02
2008-08-09,0,TOR,CLE,TOR02
2008-08-10,0,TOR,CLE,TOR02
2008-08-19,0,TOR,NYA,TOR02
2008-08-20,0,TOR,NYA,TOR02
2008-08-21,0,TOR,NYA,TOR02
2008-08-22,0,TOR,BOS,TOR02
2008-08-23,0,TOR,BOS,TOR02
2008-08-24,0,TOR,BOS,TOR02
2008-09-02,0,TOR,MIN,TOR02
2008-09-03,0,TOR,MIN,TOR02
2008-09-04,0,TOR,MIN,TOR02
2008-09-05,0,TOR,TBA,TOR02
2008-09-06,0,TOR,TBA,TOR02
2008-09-07,0,TOR,TBA,TOR02
2008-09-16,0,TOR,BAL,TOR02
2008-09-17,0,TOR,BAL,TOR02
2008-09-18,0,TOR,BAL,TOR02
2008-09-19,0,TOR,BOS,TOR02
2008-09-20,0,TOR,BOS,TOR02
2008-09-21,0,TOR,BOS,TOR02
2008-09-23,0,TOR,NYA,TOR02
2008-09-24,0,TOR,NYA,TOR02
2008-03-30,0,WAS,ATL,WAS11
2008-04-07,0,WAS,FLO,WAS11
2008-04-09,0,WAS,FLO,WAS11
2008-04-10,0,WAS,FLO,WAS11
2008-04-11,0,WAS,ATL,WAS11
2008-04-12,0,WAS,ATL,WAS11
2008-04-13,0,WAS,ATL,WAS11
2008-04-23,0,WAS,NYN,WAS11
2008-04-24,0,WAS,NYN,WAS11
2008-04-25,0,WAS,CHN,WAS11
2008-04-26,0,WAS,CHN,WAS11
2008-04-27,0,WAS,CHN,WAS11
2008-04-29,0,WAS,ATL,WAS11
2008-04-30,0,WAS,ATL,WAS11
2008-05-01,0,WAS,PIT,WAS11
2008-05-02,0,WAS,PIT,WAS11
2008-05-03,0,WAS,PIT,WAS11
2008-05-04,0,WAS,PIT,WAS11
2008-05-09,0,WAS,FLO,WAS11
2008-05-10,0,WAS,FLO,WAS11
2008-05-11,0,WAS,FLO,WAS11
2008-05-19,0,WAS,PHI,WAS11
2008-05-20,0,WAS,PHI,WAS11
2008-05-21,0,WAS,PHI,WAS11
2008-05-23,0,WAS,MIL,WAS11
2008-05-24,0,WAS,MIL,WAS11
2008-05-25,0,WAS,MIL,WAS11
2008-05-26,0,WAS,MIL,WAS11
2008-06-03,0,WAS,SLN,WAS11
2008-06-05,1,WAS,SLN,WAS11
2008-06-05,2,WAS,SLN,WAS11
2008-06-06,0,WAS,SFN,WAS11
2008-06-07,0,WAS,SFN,WAS11
2008-06-08,0,WAS,SFN,WAS11
2008-06-09,0,WAS,SFN,WAS11
2008-06-20,0,WAS,TEX,WAS11
2008-06-21,0,WAS,TEX,WAS11
2008-06-22,0,WAS,TEX,WAS11
2008-06-23,0,WAS,ANA,WAS11
2008-06-24,0,WAS,ANA,WAS11
2008-06-25,0,WAS,ANA,WAS11
2008-06-27,0,WAS,BAL,WAS11
2008-06-28,0,WAS,BAL,WAS11
2008-06-29,0,WAS,BAL,WAS11
2008-07-08,0,WAS,ARI,WAS11
2008-07-09,0,WAS,ARI,WAS11
2008-07-10,0,WAS,ARI,WAS11
2008-07-11,0,WAS,HOU,WAS11
2008-07-12,0,WAS,HOU,WAS11
2008-07-13,0,WAS,HOU,WAS11
2008-07-29,0,WAS,PHI,WAS11
2008-07-30,0,WAS,PHI,WAS11
2008-07-31,0,WAS,PHI,WAS11
2008-08-01,0,WAS,CIN,WAS11
2008-08-02,0,WAS,CIN,WAS11
2008-08-03,0,WAS,CIN,WAS11
2008-08-12,0,WAS,NYN,WAS11
2008-08-13,0,WAS,NYN,WAS11
2008-08-14,0,WAS,NYN,WAS11
2008-08-15,0,WAS,COL,WAS11
2008-08-16,0,WAS,COL,WAS11
2008-08-17,0,WAS,COL,WAS11
2008-08-26,0,WAS,LAN,WAS11
2008-08-27,0,WAS,LAN,WAS11
2008-08-28,0,WAS,LAN,WAS11
2008-08-29,0,WAS,ATL,WAS11
2008-08-30,0,WAS,ATL,WAS11
2008-08-31,0,WAS,ATL,WAS11
2008-09-01,0,WAS,PHI,WAS11
2008-09-02,0,WAS,PHI,WAS11
2008-09-03,0,WAS,PHI,WAS11
2008-09-15,0,WAS,NYN,WAS11
2008-09-16,0,WAS,NYN,WAS11
2008-09-17,0,WAS,NYN,WAS11
2008-09-18,0,WAS,NYN,WAS11
2008-09-19,0,WAS,SDN,WAS11
2008-09-20,0,WAS,SDN,WAS11
2008-09-21,0,WAS,SDN,WAS11
2008-09-23,0,WAS,FLO,WAS11
