2009,abreb001,Abreu,Bobby,L,R,ANA,OF
2009,adenn001,Adenhart,Nick,R,R,ANA,P
2009,arrej001,Arredondo,Jose,R,R,ANA,P
2009,aybae001,Aybar,Erick,B,R,ANA,SS
2009,bellt002,Bell,Trevor,L,R,ANA,P
2009,buddr001,Budde,Ryan,R,R,ANA,C
2009,bulgj001,Bulger,Jason,R,R,ANA,P
2009,david004,Davidson,Daniel,L,L,ANA,P
2009,escok001,Escobar,Kelvim,R,R,ANA,P
2009,evant002,Evans,Terry,R,R,ANA,OF
2009,figgc001,Figgins,Chone,B,R,ANA,SS
2009,fuenb001,Fuentes,Brian,L,L,ANA,P
2009,guerv001,Guerrero,Vladimir,R,R,ANA,OF
2009,huntt001,Hunter,Torii,R,R,ANA,CF
2009,iztum001,Izturis,Maicer,B,R,ANA,SS
2009,jepsk001,Jepsen,Kevin,R,R,ANA,P
2009,kazms001,Kazmir,Scott,L,L,ANA,P
2009,kendh001,Kendrick,Howie,R,R,ANA,2B
2009,lackj001,Lackey,John,R,R,ANA,P
2009,louxs001,Loux,Shane,R,R,ANA,P
2009,mathj001,Mathis,Jeff,R,R,ANA,C
2009,mattg002,Matthews,Gary,B,R,ANA,OF
2009,morak001,Morales,Kendry,B,R,ANA,1B
2009,moser001,Mosebach,Robert,R,R,ANA,P
2009,mosed001,Moseley,Dustin,R,R,ANA,P
2009,napom001,Napoli,Mike,R,R,ANA,C
2009,olivd001,Oliver,Darren,R,L,ANA,P
2009,ortea001,Ortega,Anthony,R,R,ANA,P
2009,osuls001,O'Sullivan,Sean,R,R,ANA,P
2009,palmm001,Palmer,Matt,R,R,ANA,P
2009,pettc001,Pettit,Chris,R,R,ANA,OF
2009,quinr002,Quinlan,Robb,R,R,ANA,3B
2009,rivej001,Rivera,Juan,R,R,ANA,OF
2009,rodrf004,Rodriguez,Fernando,R,R,ANA,P
2009,rodrr006,Rodriguez,Rafael,R,R,ANA,P
2009,rodrs002,Rodriguez,Sean,R,R,ANA,2B
2009,sandf001,Sandoval,Freddy,B,R,ANA,3B
2009,sante001,Santana,Ervin,R,R,ANA,P
2009,saunj001,Saunders,Joe,L,L,ANA,P
2009,shies002,Shields,Scot,R,R,ANA,P
2009,speij001,Speier,Justin,R,R,ANA,P
2009,thomr006,Thompson,Rich,R,R,ANA,P
2009,weavj003,Weaver,Jered,R,R,ANA,P
2009,willr004,Willits,Reggie,B,R,ANA,OF
2009,wilsb002,Wilson,Bobby,R,R,ANA,C
2009,woodb003,Wood,Brandon,R,R,ANA,3B
2009,alleb001,Allen,Brandon,L,R,ARI,1B
2009,augeb001,Augenstein,Bryan,R,R,ARI,P
2009,boyeb001,Boyer,Blaine,R,R,ARI,P
2009,buckb002,Buckner,Billy,R,R,ARI,P
2009,byrne001,Byrnes,Eric,R,R,ARI,OF
2009,cabrd001,Cabrera,Daniel,R,R,ARI,P
2009,carll001,Carlin,Luke,B,R,ARI,C
2009,clart002,Clark,Tony,B,R,ARI,1B
2009,david002,Davis,Doug,R,L,ARI,P
2009,drews001,Drew,Stephen,L,R,ARI,SS
2009,garlj001,Garland,Jon,R,R,ARI,P
2009,gordt001,Gordon,Tom,R,R,ARI,P
2009,gutij002,Gutierrez,Juan,R,R,ARI,P
2009,hared001,Haren,Dan,R,R,ARI,P
2009,hestj001,Hester,John,R,R,ARI,C
2009,jackc002,Jackson,Conor,R,R,ARI,OF
2009,koreb001,Korecky,Bobby,R,R,ARI,P
2009,lopef001,Lopez,Felipe,B,R,ARI,SS
2009,montm001,Montero,Miguel,L,R,ARI,C
2009,mulvk001,Mulvey,Kevin,R,R,ARI,P
2009,oeltt001,Oeltjen,Trent,L,L,ARI,OF
2009,ojeda001,Ojeda,Augie,B,R,ARI,2B
2009,parrg001,Parra,Gerardo,L,L,ARI,OF
2009,penat003,Pena,Tony,R,R,ARI,P
2009,petiy001,Petit,Yusmeiro,R,R,ARI,P
2009,qualc001,Qualls,Chad,R,R,ARI,P
2009,raucj001,Rauch,Jon,R,R,ARI,P
2009,reynm001,Reynolds,Mark,R,R,ARI,3B
2009,rober002,Roberts,Ryan,R,R,ARI,2B
2009,romea001,Romero,Alex,L,R,ARI,OF
2009,rosal001,Rosales,Leo,R,R,ARI,P
2009,ryalr001,Ryal,Rusty,R,R,ARI,2B
2009,schem001,Scherzer,Max,R,R,ARI,P
2009,schld001,Schlereth,Daniel,L,L,ARI,P
2009,schos001,Schoeneweis,Scott,L,L,ARI,P
2009,slatd001,Slaten,Doug,L,L,ARI,P
2009,snydc002,Snyder,Chris,R,R,ARI,C
2009,tracc001,Tracy,Chad,L,R,ARI,3B
2009,uptoj001,Upton,Justin,R,R,ARI,OF
2009,vasqe001,Vasquez,Esmerling,R,R,ARI,P
2009,webbb001,Webb,Brandon,R,R,ARI,P
2009,whitj002,Whitesell,Josh,L,L,ARI,1B
2009,wilsj003,Wilson,Josh,R,R,ARI,2B
2009,younc004,Young,Chris,R,R,ARI,OF
2009,zavac002,Zavada,Clay,L,L,ARI,P
2009,acosm001,Acosta,Manny,B,R,ATL,P
2009,andeg001,Anderson,Garret,L,L,ATL,OF
2009,bartb001,Barton,Brian,R,R,ATL,OF
2009,bennj002,Bennett,Jeff,R,R,ATL,P
2009,blang001,Blanco,Gregor,L,L,ATL,OF
2009,boyeb001,Boyer,Blaine,R,R,ATL,P
2009,campj002,Campillo,Jorge,R,R,ATL,P
2009,canib001,Canizares,Barbaro,R,R,ATL,1B
2009,carlb001,Carlyle,Buddy,L,R,ATL,P
2009,churr001,Church,Ryan,L,L,ATL,OF
2009,conrb001,Conrad,Brooks,B,R,ATL,2B
2009,diazm003,Diaz,Matt,R,R,ATL,OF
2009,escoy001,Escobar,Yunel,R,R,ATL,SS
2009,franj004,Francoeur,Jeff,R,R,ATL,OF
2009,gonzm001,Gonzalez,Mike,R,L,ATL,P
2009,gorer002,Gorecki,Reid,R,R,ATL,OF
2009,hanst001,Hanson,Tommy,R,R,ATL,P
2009,hernd001,Hernandez,Diory,R,R,ATL,2B
2009,hudst001,Hudson,Tim,R,R,ATL,P
2009,infao001,Infante,Omar,R,R,ATL,SS
2009,johnk003,Johnson,Kelly,L,R,ATL,OF
2009,joneb005,Jones,Brandon,L,R,ATL,OF
2009,jonec004,Jones,Chipper,B,R,ATL,3B
2009,jurrj001,Jurrjens,Jair,R,R,ATL,P
2009,kawak001,Kawakami,Kenshin,R,R,ATL,P
2009,kotcc001,Kotchman,Casey,L,L,ATL,1B
2009,laroa001,LaRoche,Adam,L,L,ATL,1B
2009,logab001,Logan,Boone,R,L,ATL,P
2009,lowed001,Lowe,Derek,R,R,ATL,P
2009,mccab002,McCann,Brian,L,R,ATL,C
2009,mclon001,McLouth,Nate,L,R,ATL,CF
2009,medlk001,Medlen,Kris,B,R,ATL,P
2009,moylp001,Moylan,Peter,R,R,ATL,P
2009,nortg001,Norton,Greg,B,R,ATL,OF
2009,nunev001,Nunez,Vladimir,R,R,ATL,P
2009,oflae001,O'Flaherty,Eric,L,L,ATL,P
2009,parrj004,Parr,James,R,R,ATL,P
2009,pradm001,Prado,Martin,R,R,ATL,2B
2009,reyej003,Reyes,Jo-Jo,L,L,ATL,P
2009,rossd001,Ross,David,R,R,ATL,C
2009,sammc001,Sammons,Clint,R,R,ATL,C
2009,schaj002,Schafer,Jordan,L,L,ATL,OF
2009,sorir001,Soriano,Rafael,R,R,ATL,P
2009,valdl001,Valdez,Luis,R,R,ATL,P
2009,vazqj001,Vazquez,Javier,R,R,ATL,P
2009,albem001,Albers,Matt,L,R,BAL,P
2009,andir001,Andino,Robert,R,R,BAL,SS
2009,aubrm001,Aubrey,Michael,L,L,BAL,1B
2009,baezd001,Baez,Danys,R,R,BAL,P
2009,bassb001,Bass,Brian,R,R,BAL,P
2009,bergb002,Bergesen,Brad,L,R,BAL,P
2009,berkj001,Berken,Jason,R,R,BAL,P
2009,casta002,Castillo,Alberto,L,L,BAL,P
2009,eatoa001,Eaton,Adam,R,R,BAL,P
2009,fiorj001,Fiorentino,Jeffrey,L,R,BAL,OF
2009,freer001,Freel,Ryan,R,R,BAL,OF
2009,guthj001,Guthrie,Jeremy,R,R,BAL,P
2009,hendm001,Hendrickson,Mark,L,L,BAL,P
2009,henns001,Henn,Sean,R,L,BAL,P
2009,hernd002,Hernandez,David,R,R,BAL,P
2009,hillr001,Hill,Rich,L,L,BAL,P
2009,huffa001,Huff,Aubrey,L,R,BAL,OF
2009,iztuc001,Izturis,Cesar,B,R,BAL,SS
2009,johnj010,Johnson,Jim,R,R,BAL,P
2009,jonea003,Jones,Adam,R,R,BAL,OF
2009,lambc001,Lambert,Chris,R,R,BAL,P
2009,liz-r001,Liz,Radhames,R,R,BAL,P
2009,markn001,Markakis,Nick,L,L,BAL,OF
2009,matub001,Matusz,Brian,L,L,BAL,P
2009,mccrb001,McCrory,Bob,R,R,BAL,P
2009,merec001,Meredith,Cla,R,R,BAL,P
2009,mickk001,Mickolio,Kameron,R,R,BAL,P
2009,moelc001,Moeller,Chad,R,R,BAL,C
2009,montl001,Montanez,Luis,R,R,BAL,OF
2009,moram002,Mora,Melvin,R,R,BAL,3B
2009,pie-f001,Pie,Felix,L,L,BAL,OF
2009,ray-c001,Ray,Chris,R,R,BAL,P
2009,reimn001,Reimold,Nolan,R,R,BAL,OF
2009,robeb003,Roberts,Brian,B,R,BAL,2B
2009,rodrg001,Rodriguez,Guillermo,R,R,BAL,C
2009,salao001,Salazar,Oscar,R,R,BAL,2B
2009,sarfd001,Sarfate,Dennis,R,R,BAL,P
2009,scotl001,Scott,Luke,L,R,BAL,OF
2009,sherg001,Sherrill,George,L,L,BAL,P
2009,simoa001,Simon,Alfredo,R,R,BAL,P
2009,tillc001,Tillman,Chris,R,R,BAL,P
2009,turnj001,Turner,Justin,R,R,BAL,2B
2009,uehak001,Uehara,Koji,R,R,BAL,P
2009,walkj001,Walker,Jamie,L,L,BAL,P
2009,watec001,Waters,Chris,L,L,BAL,P
2009,wietm001,Wieters,Matt,B,R,BAL,C
2009,wiggt001,Wigginton,Ty,R,R,BAL,3B
2009,zaung001,Zaun,Gregg,B,R,BAL,C
2009,andeb003,Anderson,Brian,R,R,BOS,CF
2009,bailj001,Bailey,Jeff,R,R,BOS,1B
2009,baldr001,Baldelli,Rocco,R,R,BOS,OF
2009,bardd001,Bard,Daniel,R,R,BOS,P
2009,batea001,Bates,Aaron,R,R,BOS,1B
2009,bay-j001,Bay,Jason,R,R,BOS,OF
2009,beckj002,Beckett,Josh,R,R,BOS,P
2009,bowdm001,Bowden,Michael,R,R,BOS,P
2009,browd003,Brown,Dusty,R,R,BOS,C
2009,buchc001,Buchholz,Clay,L,R,BOS,P
2009,byrdp001,Byrd,Paul,R,R,BOS,P
2009,cabrf002,Cabrera,Fernando,R,R,BOS,P
2009,cartc001,Carter,Chris,L,L,BOS,1B
2009,delcm001,Delcarmen,Manny,R,R,BOS,P
2009,drewj001,Drew,J.D.,L,R,BOS,OF
2009,ellsj001,Ellsbury,Jacoby,L,L,BOS,OF
2009,gathj001,Gathright,Joey,L,R,BOS,CF
2009,gonza002,Gonzalez,Alex,R,R,BOS,SS
2009,gonze002,Gonzalez,Enrique,R,R,BOS,P
2009,green001,Green,Nick,R,R,BOS,2B
2009,joneh001,Jones,Hunter,L,L,BOS,P
2009,kotcc001,Kotchman,Casey,L,L,BOS,1B
2009,kotsm001,Kotsay,Mark,L,L,BOS,OF
2009,kottg001,Kottaras,George,L,R,BOS,C
2009,laroa001,LaRoche,Adam,L,L,BOS,1B
2009,lestj001,Lester,Jon,L,L,BOS,P
2009,lopej002,Lopez,Javier,L,L,BOS,P
2009,lowem001,Lowell,Mike,R,R,BOS,3B
2009,lowrj001,Lowrie,Jed,B,R,BOS,SS
2009,lugoj001,Lugo,Julio,R,R,BOS,SS
2009,martv001,Martinez,Victor,B,R,BOS,C
2009,mastj001,Masterson,Justin,R,R,BOS,P
2009,matsd001,Matsuzaka,Daisuke,R,R,BOS,P
2009,okajh001,Okajima,Hideki,L,L,BOS,P
2009,ortid001,Ortiz,David,L,L,BOS,1B
2009,papej001,Papelbon,Jonathan,R,R,BOS,P
2009,pedrd001,Pedroia,Dustin,R,R,BOS,2B
2009,pennb002,Penny,Brad,R,R,BOS,P
2009,ramir003,Ramirez,Ramon,R,R,BOS,P
2009,reddj001,Reddick,Josh,L,R,BOS,OF
2009,richd002,Richardson,Dustin,L,L,BOS,P
2009,saitt001,Saito,Takashi,L,R,BOS,P
2009,smolj001,Smoltz,John,R,R,BOS,P
2009,tazaj001,Tazawa,Junichi,R,R,BOS,P
2009,trabb001,Traber,Billy,L,L,BOS,P
2009,vanej001,Van Every,Jonathan,L,L,BOS,OF
2009,varij001,Varitek,Jason,B,R,BOS,C
2009,velag002,Velazquez,Gil,R,R,BOS,SS
2009,wagnb001,Wagner,Billy,L,L,BOS,P
2009,waket001,Wakefield,Tim,R,R,BOS,P
2009,woodc001,Woodward,Chris,R,R,BOS,SS
2009,youkk001,Youkilis,Kevin,R,R,BOS,3B
2009,andeb003,Anderson,Brian,R,R,CHA,CF
2009,beckg001,Beckham,Gordon,R,R,CHA,3B
2009,betew001,Betemit,Wilson,B,R,CHA,SS
2009,broal001,Broadway,Lance,R,R,CHA,P
2009,buehm001,Buehrle,Mark,L,L,CHA,P
2009,carrd001,Carrasco,D.J.,R,R,CHA,P
2009,castr002,Castro,Ramon,R,R,CHA,C
2009,colob001,Colon,Bartolo,R,R,CHA,P
2009,contj002,Contreras,Jose,R,R,CHA,P
2009,dankj001,Danks,John,L,L,CHA,P
2009,doteo001,Dotel,Octavio,R,R,CHA,P
2009,dye-j001,Dye,Jermaine,R,R,CHA,OF
2009,egbej001,Egbert,Jack,L,R,CHA,P
2009,fielj001,Fields,Josh,R,R,CHA,3B
2009,flowt001,Flowers,Tyler,R,R,CHA,C
2009,floyg001,Floyd,Gavin,R,R,CHA,P
2009,garcf002,Garcia,Freddy,R,R,CHA,P
2009,getzc001,Getz,Chris,L,R,CHA,2B
2009,gobbj001,Gobble,Jimmy,L,L,CHA,P
2009,hudsd001,Hudson,Daniel,R,R,CHA,P
2009,jenkb001,Jenks,Bobby,R,R,CHA,P
2009,konep001,Konerko,Paul,R,R,CHA,1B
2009,kotsm001,Kotsay,Mark,L,L,CHA,OF
2009,lillb001,Lillibridge,Brent,R,R,CHA,SS
2009,lines001,Linebrink,Scott,R,R,CHA,P
2009,macdm001,MacDougal,Mike,B,R,CHA,P
2009,millc001,Miller,Corky,R,R,CHA,C
2009,nix-j001,Nix,Jayson,R,R,CHA,2B
2009,nunej003,Nunez,Jhonny,L,R,CHA,P
2009,owenj002,Owens,Jerry,L,L,CHA,OF
2009,peavj001,Peavy,Jake,R,R,CHA,P
2009,penat003,Pena,Tony,R,R,CHA,P
2009,piera001,Pierzynski,A.J.,L,R,CHA,C
2009,podss001,Podsednik,Scott,L,L,CHA,OF
2009,porea001,Poreda,Aaron,L,L,CHA,P
2009,quenc001,Quentin,Carlos,R,R,CHA,OF
2009,ramia003,Ramirez,Alexei,R,R,CHA,OF
2009,richc002,Richard,Clayton,L,L,CHA,P
2009,riosa002,Rios,Alex,R,R,CHA,OF
2009,thomj002,Thome,Jim,L,R,CHA,1B
2009,thorm001,Thornton,Matt,L,L,CHA,P
2009,torrc001,Torres,Carlos,R,R,CHA,P
2009,whisw001,Whisler,Wes,L,L,CHA,P
2009,willr003,Williams,Randy,L,L,CHA,P
2009,wised001,Wise,Dewayne,L,L,CHA,OF
2009,ascaj001,Ascanio,Jose,R,R,CHN,P
2009,atkim001,Atkins,Mitch,R,R,CHN,P
2009,bakej001,Baker,Jeff,R,R,CHN,OF
2009,bergj002,Berg,Justin,R,R,CHN,P
2009,blana001,Blanco,Andres,B,R,CHN,SS
2009,bradm001,Bradley,Milton,B,R,CHN,OF
2009,carie001,Caridad,Esmailin,R,R,CHN,P
2009,colvt001,Colvin,Tyler,L,L,CHN,OF
2009,cottn001,Cotts,Neal,L,L,CHN,P
2009,dempr002,Dempster,Ryan,R,R,CHN,P
2009,fontm001,Fontenot,Mike,L,R,CHN,2B
2009,fox-c001,Fox,Chad,R,R,CHN,P
2009,fox-j001,Fox,Jake,R,R,CHN,C
2009,freer001,Freel,Ryan,R,R,CHN,OF
2009,fukuk001,Fukudome,Kosuke,L,R,CHN,OF
2009,fulds001,Fuld,Sam,L,L,CHN,OF
2009,gathj001,Gathright,Joey,L,R,CHN,CF
2009,gorzt001,Gorzelanny,Tom,L,L,CHN,P
2009,grabj002,Grabow,John,L,L,CHN,P
2009,gregk001,Gregg,Kevin,R,R,CHN,P
2009,guzma001,Guzman,Angel,R,R,CHN,P
2009,hardr001,Harden,Rich,L,R,CHN,P
2009,hartk001,Hart,Kevin,R,R,CHN,P
2009,heila001,Heilman,Aaron,R,R,CHN,P
2009,hillk002,Hill,Koyie,B,R,CHN,C
2009,hoffm001,Hoffpauir,Micah,L,L,CHN,1B
2009,johnr008,Johnson,Reed,R,R,CHN,OF
2009,lee-d002,Lee,Derrek,R,R,CHN,1B
2009,lillt001,Lilly,Ted,L,L,CHN,P
2009,marmc001,Marmol,Carlos,R,R,CHN,P
2009,marss002,Marshall,Sean,L,L,CHN,P
2009,milea001,Miles,Aaron,B,R,CHN,2B
2009,pattd002,Patton,David,R,R,CHN,P
2009,ramia001,Ramirez,Aramis,R,R,CHN,3B
2009,samaj001,Samardzija,Jeff,R,R,CHN,P
2009,scalb001,Scales,Bobby,B,R,CHN,2B
2009,soria001,Soriano,Alfonso,R,R,CHN,OF
2009,sotog001,Soto,Geovany,R,R,CHN,C
2009,stevj001,Stevens,Jeff,R,R,CHN,P
2009,tagus001,Taguchi,So,R,R,CHN,OF
2009,therr001,Theriot,Ryan,R,R,CHN,SS
2009,vizcl001,Vizcaino,Luis,R,R,CHN,P
2009,waddj001,Waddell,Jason,R,L,CHN,P
2009,wellr001,Wells,Randy,R,R,CHN,P
2009,zambc001,Zambrano,Carlos,B,R,CHN,P
2009,arrob001,Arroyo,Bronson,R,R,CIN,P
2009,bailh001,Bailey,Homer,R,R,CIN,P
2009,balew001,Balentien,Wladimir,R,R,CIN,OF
2009,barkk001,Barker,Kevin,L,L,CIN,1B
2009,brucj001,Bruce,Jay,L,L,CIN,OF
2009,burtj001,Burton,Jared,R,R,CIN,P
2009,castw001,Castillo,Wilkin,B,R,CIN,3B
2009,cordf002,Cordero,Francisco,R,R,CIN,P
2009,cuetj001,Cueto,Johnny,R,R,CIN,P
2009,dickc001,Dickerson,Chris,L,L,CIN,OF
2009,encae001,Encarnacion,Edwin,R,R,CIN,3B
2009,fishc001,Fisher,Carlos,R,R,CIN,P
2009,franj005,Francisco,Juan,L,R,CIN,3B
2009,gomej001,Gomes,Jonny,R,R,CIN,OF
2009,gonza002,Gonzalez,Alex,R,R,CIN,SS
2009,hairj002,Hairston,Jerry,R,R,CIN,2B
2009,hanir001,Hanigan,Ryan,R,R,CIN,C
2009,haraa001,Harang,Aaron,R,R,CIN,P
2009,hernr002,Hernandez,Ramon,R,R,CIN,C
2009,herrd001,Herrera,Daniel Ray,L,L,CIN,P
2009,janip001,Janish,Paul,R,R,CIN,SS
2009,lehrj001,Lehr,Justin,R,R,CIN,P
2009,lincm001,Lincoln,Mike,R,R,CIN,P
2009,malom001,Maloney,Matt,L,L,CIN,P
2009,manur001,Manuel,Robert,R,R,CIN,P
2009,massn001,Masset,Nick,R,R,CIN,P
2009,mcdod002,McDonald,Darnell,R,R,CIN,OF
2009,millc001,Miller,Corky,R,R,CIN,C
2009,nix-l001,Nix,Laynce,L,L,CIN,OF
2009,owinm001,Owings,Micah,R,R,CIN,P
2009,philb001,Phillips,Brandon,R,R,CIN,SS
2009,ramir004,Ramirez,Ramon,R,R,CIN,P
2009,rhoda001,Rhodes,Arthur,L,L,CIN,P
2009,richd001,Richar,Danny,L,R,CIN,2B
2009,roenj001,Roenicke,Josh,R,R,CIN,P
2009,roles001,Rolen,Scott,R,R,CIN,3B
2009,rosaa001,Rosales,Adam,R,R,CIN,1B
2009,stubd001,Stubbs,Drew,R,R,CIN,OF
2009,suttd002,Sutton,Drew,B,R,CIN,SS
2009,tatuc001,Tatum,Craig,R,R,CIN,C
2009,tavew001,Taveras,Willy,R,R,CIN,OF
2009,violp001,Viola,Pedro,R,L,CIN,P
2009,volqe001,Volquez,Edinson,R,R,CIN,P
2009,vottj001,Votto,Joey,L,R,CIN,1B
2009,weatd001,Weathers,David,R,R,CIN,P
2009,wellk001,Wells,Kip,R,R,CIN,P
2009,abrew001,Abreu,Winston,R,R,CLE,P
2009,aquig001,Aquino,Greg,R,R,CLE,P
2009,barfj003,Barfield,Josh,R,R,CLE,2B
2009,betar001,Betancourt,Rafael,R,R,CLE,P
2009,branm003,Brantley,Michael,L,L,CLE,OF
2009,cabra002,Cabrera,Asdrubal,B,R,CLE,SS
2009,carmf001,Carmona,Fausto,R,R,CLE,P
2009,carrc003,Carrasco,Carlos,R,R,CLE,P
2009,carrj001,Carroll,Jamey,R,R,CLE,SS
2009,choos001,Choo,Shin-Soo,L,L,CLE,OF
2009,chulv001,Chulk,Vinnie,R,R,CLE,P
2009,crowt001,Crowe,Trevor,B,R,CLE,OF
2009,delld001,Dellucci,David,L,L,CLE,OF
2009,derom001,DeRosa,Mark,R,R,CLE,SS
2009,franb001,Francisco,Ben,R,R,CLE,OF
2009,garkr001,Garko,Ryan,R,R,CLE,C
2009,gimec001,Gimenez,Chris,R,R,CLE,C
2009,goslm001,Gosling,Mike,L,L,CLE,P
2009,graft001,Graffanino,Tony,R,R,CLE,2B
2009,hafnt001,Hafner,Travis,L,R,CLE,1B
2009,hergm001,Herges,Matt,L,R,CLE,P
2009,huffd001,Huff,David,L,L,CLE,P
2009,jackz001,Jackson,Zach,L,L,CLE,P
2009,kobam001,Kobayashi,Masahide,R,R,CLE,P
2009,laffa001,Laffey,Aaron,L,L,CLE,P
2009,lapom001,LaPorta,Matt,R,R,CLE,OF
2009,lee-c003,Lee,Cliff,L,L,CLE,P
2009,lewij003,Lewis,Jensen,R,R,CLE,P
2009,lewis002,Lewis,Scott,B,L,CLE,P
2009,marsl001,Marson,Lou,R,R,CLE,C
2009,marta004,Marte,Andy,R,R,CLE,3B
2009,martv001,Martinez,Victor,B,R,CLE,C
2009,mastj001,Masterson,Justin,R,R,CLE,P
2009,ohkat001,Ohka,Tomo,B,R,CLE,P
2009,pavac001,Pavano,Carl,R,R,CLE,P
2009,peraj001,Peralta,Jhonny,R,R,CLE,SS
2009,perec002,Perez,Chris,R,R,CLE,P
2009,perer002,Perez,Rafael,L,L,CLE,P
2009,reyea002,Reyes,Anthony,R,R,CLE,P
2009,romen001,Romero,Niuman,B,R,CLE,SS
2009,rundr001,Rundles,Rich,L,L,CLE,P
2009,shopk001,Shoppach,Kelly,R,R,CLE,C
2009,sippt001,Sipp,Tony,L,L,CLE,P
2009,sizeg001,Sizemore,Grady,L,L,CLE,CF
2009,smitj002,Smith,Joe,R,R,CLE,P
2009,sowej001,Sowers,Jeremy,L,L,CLE,P
2009,toddj001,Todd,Jess,R,R,CLE,P
2009,torew001,Toregas,Wyatt,R,R,CLE,C
2009,valbl001,Valbuena,Luis,L,R,CLE,2B
2009,veraj001,Veras,Jose,R,R,CLE,P
2009,vizcl001,Vizcaino,Luis,R,R,CLE,P
2009,woodk002,Wood,Kerry,R,R,CLE,P
2009,atkig001,Atkins,Garrett,R,R,COL,3B
2009,bakej001,Baker,Jeff,R,R,COL,OF
2009,barmc001,Barmes,Clint,R,R,COL,SS
2009,beimj001,Beimel,Joe,L,L,COL,P
2009,belim001,Belisle,Matt,R,R,COL,P
2009,belle002,Bellorin,Edwin,R,R,COL,C
2009,betar001,Betancourt,Rafael,R,R,COL,P
2009,chacj001,Chacin,Jhoulys,R,R,COL,P
2009,cooka002,Cook,Aaron,R,R,COL,P
2009,contj002,Contreras,Jose,R,R,COL,P
2009,corpm001,Corpas,Manuel,R,R,COL,P
2009,dalem002,Daley,Matt,R,R,COL,P
2009,delaj001,de la Rosa,Jorge,L,L,COL,P
2009,eatoa001,Eaton,Adam,R,R,COL,P
2009,embra001,Embree,Alan,L,L,COL,P
2009,florr001,Flores,Randy,L,L,COL,P
2009,foggj001,Fogg,Josh,R,R,COL,P
2009,fowld001,Fowler,Dexter,B,R,COL,OF
2009,giamj001,Giambi,Jason,L,R,COL,1B
2009,gonzc001,Gonzalez,Carlos,L,L,COL,OF
2009,grilj001,Grilli,Jason,R,R,COL,P
2009,hammj002,Hammel,Jason,R,R,COL,P
2009,hawpb001,Hawpe,Brad,L,L,COL,OF
2009,heltt001,Helton,Todd,L,L,COL,1B
2009,hergm001,Herges,Matt,L,R,COL,P
2009,iannc001,Iannetta,Chris,R,R,COL,C
2009,jimeu001,Jimenez,Ubaldo,R,R,COL,P
2009,marqj001,Marquis,Jason,L,R,COL,P
2009,mccom001,McCoy,Mike,R,R,COL,SS
2009,moraf001,Morales,Franklin,L,L,COL,P
2009,murtm001,Murton,Matt,R,R,COL,OF
2009,peraj002,Peralta,Joel,R,R,COL,P
2009,philp001,Phillips,Paul,R,R,COL,C
2009,quino001,Quintanilla,Omar,L,R,COL,SS
2009,rincj001,Rincon,Juan,R,R,COL,P
2009,rogee002,Rogers,Esmil,R,R,COL,P
2009,ruscg001,Rusch,Glendon,L,L,COL,P
2009,smits002,Smith,Seth,L,L,COL,OF
2009,speir001,Speier,Ryan,R,R,COL,P
2009,spilr001,Spilborghs,Ryan,R,R,COL,OF
2009,stewi001,Stewart,Ian,L,R,COL,3B
2009,streh001,Street,Huston,R,R,COL,P
2009,torry001,Torrealba,Yorvit,R,R,COL,C
2009,tulot001,Tulowitzki,Troy,R,R,COL,SS
2009,youne003,Young,Eric,B,R,COL,2B
2009,andej004,Anderson,Josh,L,R,DET,OF
2009,avila001,Avila,Alex,L,R,DET,C
2009,bondj001,Bonderman,Jeremy,R,R,DET,P
2009,bonie002,Bonine,Eddie,R,R,DET,P
2009,cabrm001,Cabrera,Miguel,R,R,DET,3B
2009,dlugb001,Dlugach,Brent,R,R,DET,SS
2009,dolsf001,Dolsi,Freddy,R,R,DET,P
2009,evera001,Everett,Adam,R,R,DET,SS
2009,fienc001,Fien,Casey,R,R,DET,P
2009,figaa001,Figaro,Alfredo,R,R,DET,P
2009,frenl001,French,Lucas,L,L,DET,P
2009,galaa002,Galarraga,Armando,R,R,DET,P
2009,granc001,Granderson,Curtis,L,R,DET,RF
2009,guilc001,Guillen,Carlos,B,R,DET,SS
2009,huffa001,Huff,Aubrey,L,R,DET,OF
2009,ingeb001,Inge,Brandon,R,R,DET,3B
2009,jacke001,Jackson,Edwin,R,R,DET,P
2009,kelld001,Kelly,Don,L,R,DET,2B
2009,lairg001,Laird,Gerald,R,R,DET,C
2009,lambc001,Lambert,Chris,R,R,DET,P
2009,larij001,Larish,Jeff,L,R,DET,1B
2009,lyonb003,Lyon,Brandon,R,R,DET,P
2009,minez001,Miner,Zach,R,R,DET,P
2009,ni--f001,Ni,Fu-Te,L,L,DET,P
2009,ordom001,Ordonez,Magglio,R,R,DET,OF
2009,perrr001,Perry,Ryan,R,R,DET,P
2009,polap001,Polanco,Placido,R,R,DET,SS
2009,porcr001,Porcello,Rick,R,R,DET,P
2009,rabur001,Raburn,Ryan,R,R,DET,2B
2009,ramiw001,Ramirez,Wilkin,R,R,DET,OF
2009,rapac001,Rapada,Clay,R,L,DET,P
2009,rincj001,Rincon,Juan,R,R,DET,P
2009,roben001,Robertson,Nate,R,L,DET,P
2009,rodnf001,Rodney,Fernando,R,R,DET,P
2009,ryand001,Ryan,Dusty,R,R,DET,C
2009,santr002,Santiago,Ramon,B,R,DET,2B
2009,sardd001,Sardinha,Dane,R,R,DET,C
2009,seayb001,Seay,Bobby,L,L,DET,P
2009,thamm001,Thames,Marcus,R,R,DET,OF
2009,thomc002,Thomas,Clete,L,R,DET,OF
2009,tream001,Treanor,Matt,R,R,DET,C
2009,verlj001,Verlander,Justin,R,R,DET,P
2009,washj001,Washburn,Jarrod,L,L,DET,P
2009,willd003,Willis,Dontrelle,L,L,DET,P
2009,zumaj001,Zumaya,Joel,R,R,DET,P
2009,ameza001,Amezaga,Alfredo,B,R,FLO,SS
2009,ayall001,Ayala,Luis,R,R,FLO,P
2009,badeb001,Badenhop,Burke,R,R,FLO,P
2009,bakej002,Baker,John,L,R,FLO,C
2009,bonie001,Bonifacio,Emilio,B,R,FLO,2B
2009,calek001,Calero,Kiko,R,R,FLO,P
2009,cantj001,Cantu,Jorge,R,R,FLO,2B
2009,carrb001,Carroll,Brett,R,R,FLO,OF
2009,coghc001,Coghlan,Chris,L,R,FLO,2B
2009,david003,Davidson,David,L,L,FLO,P
2009,deaza001,de Aza,Alejandro,L,L,FLO,OF
2009,donnb001,Donnelly,Brendan,R,R,FLO,P
2009,gloar001,Gload,Ross,L,L,FLO,1B
2009,gonza004,Gonzalez,Andy,R,R,FLO,2B
2009,hayeb001,Hayes,Brett,R,R,FLO,C
2009,helmw001,Helms,Wes,R,R,FLO,3B
2009,hermj001,Hermida,Jeremy,L,R,FLO,RF
2009,johnj009,Johnson,Josh,L,R,FLO,P
2009,johnn001,Johnson,Nick,L,L,FLO,1B
2009,kensl001,Kensing,Logan,R,R,FLO,P
2009,koroj001,Koronka,John,L,L,FLO,P
2009,leroc001,Leroux,Christopher,L,R,FLO,P
2009,lindm001,Lindstrom,Matt,R,R,FLO,P
2009,martc004,Martinez,Carlos,R,R,FLO,P
2009,martc005,Martinez,Cristhian,R,R,FLO,P
2009,maybc001,Maybin,Cameron,R,R,FLO,OF
2009,meyed002,Meyer,Dan,R,L,FLO,P
2009,milla002,Miller,Andrew,L,L,FLO,P
2009,nolar001,Nolasco,Ricky,R,R,FLO,P
2009,nunel001,Nunez,Leo,R,R,FLO,P
2009,paulr001,Paulino,Ronny,R,R,FLO,C
2009,pennh001,Penn,Hayden,R,R,FLO,P
2009,pintr001,Pinto,Renyel,L,L,FLO,P
2009,ramih003,Ramirez,Hanley,R,R,FLO,SS
2009,rossc001,Ross,Cody,R,L,FLO,OF
2009,sancb001,Sanches,Brian,R,R,FLO,P
2009,sanca004,Sanchez,Anibal,R,R,FLO,P
2009,sancg001,Sanchez,Gaby,R,R,FLO,1B
2009,taylg001,Taylor,Graham,L,L,FLO,P
2009,uggld001,Uggla,Dan,R,R,FLO,2B
2009,vandr001,VandenHurk,Rick,R,R,FLO,P
2009,volsc001,Volstad,Chris,R,R,FLO,P
2009,wests001,West,Sean,R,L,FLO,P
2009,woodt003,Wood,Tim,R,R,FLO,P
2009,ariaa002,Arias,Alberto,R,R,HOU,P
2009,backb001,Backe,Brandon,R,R,HOU,P
2009,bazay001,Bazardo,Yorman,R,R,HOU,P
2009,berkl001,Berkman,Lance,B,L,HOU,1B
2009,blumg001,Blum,Geoff,B,R,HOU,3B
2009,boona001,Boone,Aaron,R,R,HOU,3B
2009,bourm001,Bourn,Michael,L,R,HOU,OF
2009,brocd001,Brocail,Doug,L,R,HOU,P
2009,byrdt001,Byrdak,Tim,L,L,HOU,P
2009,costc001,Coste,Chris,R,R,HOU,C
2009,erstd001,Erstad,Darin,L,L,HOU,1B
2009,fulcj001,Fulchino,Jeff,R,R,HOU,P
2009,gearg001,Geary,Geoff,R,R,HOU,P
2009,gervs001,Gervacio,Samuel,R,R,HOU,P
2009,hampm001,Hampton,Mike,R,L,HOU,P
2009,hawkl001,Hawkins,LaTroy,R,R,HOU,P
2009,johnc003,Johnson,Chris,R,R,HOU,3B
2009,katam001,Kata,Matt,B,R,HOU,2B
2009,keppj001,Keppinger,Jeff,R,R,HOU,2B
2009,lee-c001,Lee,Carlos,R,R,HOU,OF
2009,lopew001,Lopez,Wilton,R,R,HOU,P
2009,manzt001,Manzella,Tommy,R,R,HOU,SS
2009,matsk001,Matsui,Kazuo,B,R,HOU,2B
2009,mayse001,Maysonet,Edwin,R,R,HOU,SS
2009,michj001,Michaels,Jason,R,R,HOU,OF
2009,moehb001,Moehler,Brian,R,R,HOU,P
2009,norrb001,Norris,Bud,R,R,HOU,P
2009,ortir001,Ortiz,Russ,R,R,HOU,P
2009,oswar001,Oswalt,Roy,R,R,HOU,P
2009,paroc001,Paronto,Chad,R,R,HOU,P
2009,paulf001,Paulino,Felipe,R,R,HOU,P
2009,pench001,Pence,Hunter,R,R,HOU,OF
2009,quinh001,Quintero,Humberto,R,R,HOU,C
2009,rodri001,Rodriguez,Ivan,R,R,HOU,C
2009,rodrw002,Rodriguez,Wandy,B,L,HOU,P
2009,sadlb001,Sadler,Billy,R,R,HOU,P
2009,sampc001,Sampson,Chris,R,R,HOU,P
2009,smitj001,Smith,Jason,L,R,HOU,SS
2009,tejam001,Tejada,Miguel,R,R,HOU,SS
2009,towlj001,Towles,J.R.,R,R,HOU,C
2009,valvj001,Valverde,Jose,R,R,HOU,P
2009,wrigw001,Wright,Wesley,R,L,HOU,P
2009,andej004,Anderson,Josh,L,R,KCA,OF
2009,avilm001,Aviles,Mike,R,R,KCA,SS
2009,balej001,Bale,John,L,L,KCA,P
2009,bannb001,Bannister,Brian,R,R,KCA,P
2009,betay001,Betancourt,Yuniesky,R,R,KCA,SS
2009,bloow001,Bloomquist,Willie,R,R,KCA,2B
2009,buckj001,Buck,John,R,R,KCA,C
2009,butlb003,Butler,Billy,R,R,KCA,OF
2009,calla001,Callaspo,Alberto,B,R,KCA,2B
2009,chenb001,Chen,Bruce,L,L,KCA,P
2009,color001,Colon,Roman,R,R,KCA,P
2009,crisc001,Crisp,Coco,B,R,KCA,OF
2009,cruzj005,Cruz,Juan,R,R,KCA,P
2009,davik002,Davies,Kyle,R,R,KCA,P
2009,dejed001,DeJesus,David,L,L,KCA,CF
2009,dinal001,DiNardo,Lenny,L,L,KCA,P
2009,farnk001,Farnsworth,Kyle,R,R,KCA,P
2009,freer001,Freel,Ryan,R,R,KCA,OF
2009,gorda001,Gordon,Alex,L,R,KCA,3B
2009,greiz001,Greinke,Zack,R,R,KCA,P
2009,guilj001,Guillen,Jose,R,R,KCA,OF
2009,hernl004,Hernandez,Luis,B,R,KCA,SS
2009,hochl001,Hochevar,Luke,R,R,KCA,P
2009,hughd001,Hughes,Dusty,L,L,KCA,P
2009,hulet002,Hulett,Tug,L,R,KCA,2B
2009,jacom001,Jacobs,Mike,L,R,KCA,1B
2009,lerea001,Lerew,Anthony,L,R,KCA,P
2009,mahar001,Mahay,Ron,L,L,KCA,P
2009,maiem001,Maier,Mitch,L,R,KCA,OF
2009,martv002,Marte,Victor,R,R,KCA,P
2009,mechg001,Meche,Gil,R,R,KCA,P
2009,olivm001,Olivo,Miguel,R,R,KCA,C
2009,penab002,Pena,Brayan,B,R,KCA,C
2009,penat002,Pena,Tony,R,R,KCA,SS
2009,ponss001,Ponson,Sidney,R,R,KCA,P
2009,ramih002,Ramirez,Horacio,L,L,KCA,P
2009,rosac001,Rosa,Carlos,R,R,KCA,P
2009,sorij001,Soria,Joakim,R,R,KCA,P
2009,teahm001,Teahen,Mark,L,R,KCA,3B
2009,tejer001,Tejeda,Robinson,R,R,KCA,P
2009,waecd001,Waechter,Doug,R,R,KCA,P
2009,wrigj001,Wright,Jamey,R,R,KCA,P
2009,yabuy001,Yabuta,Yasuhiko,R,R,KCA,P
2009,abret001,Abreu,Tony,B,R,LAN,3B
2009,ausmb001,Ausmus,Brad,R,R,LAN,C
2009,belir001,Belisario,Ronald,R,R,LAN,P
2009,bellr002,Belliard,Ronnie,R,R,LAN,2B
2009,billc001,Billingsley,Chad,R,R,LAN,P
2009,blakc001,Blake,Casey,R,R,LAN,OF
2009,broxj001,Broxton,Jonathan,R,R,LAN,P
2009,castj004,Castro,Juan,R,R,LAN,SS
2009,dewib001,DeWitt,Blake,L,R,LAN,3B
2009,ellia001,Ellis,A.J.,R,R,LAN,C
2009,ethia001,Ethier,Andre,L,L,LAN,OF
2009,elbes001,Elbert,Scott,L,L,LAN,P
2009,furcr001,Furcal,Rafael,B,R,LAN,SS
2009,garlj001,Garland,Jon,R,R,LAN,P
2009,haegc001,Haeger,Charlie,R,R,LAN,P
2009,hoffj001,Hoffmann,Jamie,R,R,LAN,OF
2009,hu--c001,Hu,Chin-Lung,R,R,LAN,2B
2009,hudso001,Hudson,Orlando,B,R,LAN,2B
2009,jonem003,Jones,Mitch,R,R,LAN,OF
2009,kempm001,Kemp,Matt,R,R,LAN,OF
2009,kersc001,Kershaw,Clayton,L,L,LAN,P
2009,kuo-h001,Kuo,Hong-Chih,L,L,LAN,P
2009,kuroh001,Kuroda,Hiroki,R,R,LAN,P
2009,leacb001,Leach,Brent,L,L,LAN,P
2009,lonej001,Loney,James,L,L,LAN,1B
2009,lorem001,Loretta,Mark,R,R,LAN,3B
2009,martr004,Martin,Russell,R,R,LAN,C
2009,mcdoj004,McDonald,James,L,R,LAN,P
2009,miend001,Mientkiewicz,Doug,L,R,LAN,1B
2009,milte001,Milton,Eric,L,L,LAN,P
2009,motag001,Mota,Guillermo,R,R,LAN,P
2009,ohmaw001,Ohman,Will,L,L,LAN,P
2009,padiv001,Padilla,Vicente,R,R,LAN,P
2009,paulx001,Paul,Xavier,L,R,LAN,OF
2009,pierj002,Pierre,Juan,L,L,LAN,OF
2009,ramim002,Ramirez,Manny,R,R,LAN,OF
2009,repkj001,Repko,Jason,R,R,LAN,OF
2009,schlt001,Schlichting,Travis,R,R,LAN,P
2009,schmj001,Schmidt,Jason,R,R,LAN,P
2009,sherg001,Sherrill,George,L,L,LAN,P
2009,stule002,Stults,Eric,L,L,LAN,P
2009,thomj002,Thome,Jim,L,R,LAN,1B
2009,tronr001,Troncoso,Ramon,R,R,LAN,P
2009,vargc001,Vargas,Claudio,R,R,LAN,P
2009,wadec001,Wade,Cory,R,R,LAN,P
2009,weavj002,Weaver,Jeff,R,R,LAN,P
2009,wolfr001,Wolf,Randy,L,L,LAN,P
2009,axfoj001,Axford,John,R,R,MIL,P
2009,bourj001,Bourgeois,Jason,R,R,MIL,2B
2009,braur002,Braun,Ryan,R,R,MIL,3B
2009,burnm001,Burns,Mike,R,R,MIL,P
2009,bushd001,Bush,Dave,R,R,MIL,P
2009,butlj001,Butler,Josh,R,R,MIL,P
2009,camem001,Cameron,Mike,R,R,MIL,OF
2009,cataf001,Catalanotto,Frank,L,R,MIL,OF
2009,cofft001,Coffey,Todd,R,R,MIL,P
2009,coloj001,Colome,Jesus,R,R,MIL,P
2009,corpc001,Corporan,Carlos,B,R,MIL,C
2009,counc001,Counsell,Craig,L,R,MIL,2B
2009,difem002,DiFelice,Mark,R,R,MIL,P
2009,dillt001,Dillard,Tim,R,R,MIL,P
2009,duffc001,Duffy,Chris,L,L,MIL,CF
2009,escoa003,Escobar,Alcides,R,R,MIL,SS
2009,fielp001,Fielder,Prince,L,R,MIL,1B
2009,gally001,Gallardo,Yovani,R,R,MIL,P
2009,gamem001,Gamel,Mat,L,R,MIL,3B
2009,geruj001,Gerut,Jody,L,L,MIL,OF
2009,hallb001,Hall,Bill,R,R,MIL,SS
2009,hardj003,Hardy,J.J.,R,R,MIL,SS
2009,hartc001,Hart,Corey,R,R,MIL,OF
2009,hofft001,Hoffman,Trevor,R,R,MIL,P
2009,iribh001,Iribarren,Hernan,L,R,MIL,OF
2009,julij001,Julio,Jorge,R,R,MIL,P
2009,kendj001,Kendall,Jason,R,R,MIL,C
2009,loopb001,Looper,Braden,R,R,MIL,P
2009,lopef001,Lopez,Felipe,B,R,MIL,SS
2009,mccls002,McClung,Seth,L,R,MIL,P
2009,mcgec001,McGehee,Casey,R,R,MIL,3B
2009,narvc001,Narveson,Chris,L,L,MIL,P
2009,nelsb002,Nelson,Brad,L,R,MIL,1B
2009,parrm001,Parra,Manny,L,L,MIL,P
2009,pattc001,Patterson,Corey,L,R,MIL,OF
2009,riskd001,Riske,David,R,R,MIL,P
2009,rivem003,Rivera,Mike,R,R,MIL,C
2009,smitc002,Smith,Chris,R,R,MIL,P
2009,stetm001,Stetter,Mitch,L,L,MIL,P
2009,suppj001,Suppan,Jeff,R,R,MIL,P
2009,swinr001,Swindle,R.J.,L,L,MIL,P
2009,vargc001,Vargas,Claudio,R,R,MIL,P
2009,villc001,Villanueva,Carlos,R,R,MIL,P
2009,weatd001,Weathers,David,R,R,MIL,P
2009,weekr001,Weeks,Rickie,R,R,MIL,2B
2009,ayall001,Ayala,Luis,R,R,MIN,P
2009,bakes002,Baker,Scott,R,R,MIN,P
2009,blacn001,Blackburn,Nick,R,R,MIN,P
2009,bresc001,Breslow,Craig,L,L,MIN,P
2009,buscb001,Buscher,Brian,L,R,MIN,3B
2009,cabro001,Cabrera,Orlando,R,R,MIN,SS
2009,casia001,Casilla,Alexi,B,R,MIN,SS
2009,craij001,Crain,Jesse,R,R,MIN,P
2009,credj001,Crede,Joe,R,R,MIN,3B
2009,cuddm001,Cuddyer,Michael,R,R,MIN,OF
2009,dickr001,Dickey,R.A.,R,R,MIN,P
2009,duenb001,Duensing,Brian,L,L,MIN,P
2009,gabia001,Gabino,Armando,R,R,MIN,P
2009,gomec002,Gomez,Carlos,R,R,MIN,OF
2009,guerm001,Guerrier,Matt,R,R,MIN,P
2009,harrb001,Harris,Brendan,R,R,MIN,SS
2009,henns001,Henn,Sean,R,L,MIN,P
2009,hubej001,Huber,Justin,R,R,MIN,1B
2009,humbp001,Humber,Philip,R,R,MIN,P
2009,keppb001,Keppel,Bob,R,R,MIN,P
2009,kubej002,Kubel,Jason,L,R,MIN,RF
2009,lirif001,Liriano,Francisco,L,L,MIN,P
2009,mahar001,Mahay,Ron,L,L,MIN,P
2009,mansj001,Manship,Jeff,R,R,MIN,P
2009,mauej001,Mauer,Joe,L,R,MIN,C
2009,mijaj001,Mijares,Jose,L,L,MIN,P
2009,moraj002,Morales,Jose,B,R,MIN,C
2009,morij001,Morillo,Juan,R,R,MIN,P
2009,mornj001,Morneau,Justin,L,R,MIN,1B
2009,mulvk001,Mulvey,Kevin,R,R,MIN,P
2009,nathj001,Nathan,Joe,R,R,MIN,P
2009,pavac001,Pavano,Carl,R,R,MIN,P
2009,perkg001,Perkins,Glen,L,L,MIN,P
2009,pridj001,Pridie,Jason,L,R,MIN,OF
2009,puntn001,Punto,Nick,B,R,MIN,2B
2009,raucj001,Rauch,Jon,R,R,MIN,P
2009,redmm001,Redmond,Mike,R,R,MIN,C
2009,slowk001,Slowey,Kevin,R,R,MIN,P
2009,spand001,Span,Denard,L,L,MIN,OF
2009,swara001,Swarzak,Anthony,R,R,MIN,P
2009,tolbm001,Tolbert,Matt,B,R,MIN,2B
2009,yound003,Young,Delmon,R,R,MIN,OF
2009,aceva001,Aceves,Alfredo,R,R,NYA,P
2009,albaj001,Albaladejo,Jonathan,R,R,NYA,P
2009,berra001,Berroa,Angel,R,R,NYA,SS
2009,brunb001,Bruney,Brian,R,R,NYA,P
2009,burna001,Burnett,A.J.,R,R,NYA,P
2009,cabrm002,Cabrera,Melky,B,L,NYA,OF
2009,canor001,Cano,Robinson,L,R,NYA,2B
2009,cashk001,Cash,Kevin,R,R,NYA,C
2009,cervf001,Cervelli,Francisco,R,R,NYA,C
2009,chamj002,Chamberlain,Joba,R,R,NYA,P
2009,claga001,Claggett,Anthony,B,R,NYA,P
2009,cokep001,Coke,Phil,L,L,NYA,P
2009,damoj001,Damon,Johnny,L,L,NYA,OF
2009,duncs001,Duncan,Shelley,R,R,NYA,OF
2009,dunnm002,Dunn,Michael,L,L,NYA,P
2009,gardb001,Gardner,Brett,L,L,NYA,OF
2009,gaudc001,Gaudin,Chad,R,R,NYA,P
2009,guzmf001,Guzman,Freddy,B,R,NYA,OF
2009,hairj002,Hairston,Jerry,R,R,NYA,2B
2009,hinse001,Hinske,Eric,L,R,NYA,1B
2009,hughp001,Hughes,Phil,R,R,NYA,P
2009,jeted001,Jeter,Derek,R,R,NYA,SS
2009,kenni001,Kennedy,Ian,R,R,NYA,P
2009,martd004,Marte,Damaso,L,L,NYA,P
2009,matsh001,Matsui,Hideki,L,R,NYA,OF
2009,melam001,Melancon,Mark,R,R,NYA,P
2009,miraj001,Miranda,Juan,L,L,NYA,1B
2009,mitrs001,Mitre,Sergio,R,R,NYA,P
2009,molij001,Molina,Jose,R,R,NYA,C
2009,nadyx001,Nady,Xavier,R,R,NYA,OF
2009,penar002,Pena,Ramiro,B,R,NYA,SS
2009,petta001,Pettitte,Andy,L,L,NYA,P
2009,posaj001,Posada,Jorge,B,R,NYA,C
2009,ramie003,Ramirez,Edwar,R,R,NYA,P
2009,ransc001,Ransom,Cody,R,R,NYA,SS
2009,rivem002,Rivera,Mariano,R,R,NYA,P
2009,robed002,Robertson,David,R,R,NYA,P
2009,rodra001,Rodriguez,Alex,R,R,NYA,3B
2009,sabac001,Sabathia,C.C.,L,L,NYA,P
2009,swisn001,Swisher,Nick,B,L,NYA,OF
2009,teixm001,Teixeira,Mark,B,R,NYA,1B
2009,tomkb001,Tomko,Brett,R,R,NYA,P
2009,towej001,Towers,Josh,R,R,NYA,P
2009,veraj001,Veras,Jose,R,R,NYA,P
2009,wangc001,Wang,Chien-Ming,R,R,NYA,P
2009,andem003,Anderson,Marlon,L,R,NYN,OF
2009,beltc001,Beltran,Carlos,B,R,NYN,CF
2009,berra001,Berroa,Angel,R,R,NYN,SS
2009,broal001,Broadway,Lance,R,R,NYN,P
2009,browe001,Brown,Emil,R,R,NYN,OF
2009,cancr001,Cancel,Robinson,R,R,NYN,C
2009,castl001,Castillo,Luis,B,R,NYN,2B
2009,castr002,Castro,Ramon,R,R,NYN,C
2009,churr001,Church,Ryan,L,L,NYN,OF
2009,coraa001,Cora,Alex,L,R,NYN,SS
2009,delgc001,Delgado,Carlos,L,R,NYN,1B
2009,desse001,Dessens,Elmer,R,R,NYN,P
2009,evann001,Evans,Nick,R,R,NYN,OF
2009,felip002,Feliciano,Pedro,L,L,NYN,P
2009,figun001,Figueroa,Nelson,R,R,NYN,P
2009,fossc001,Fossum,Casey,L,L,NYN,P
2009,franj004,Francoeur,Jeff,R,R,NYN,OF
2009,greea001,Green,Andy,R,R,NYN,2B
2009,grees004,Green,Sean,R,R,NYN,P
2009,herna003,Hernandez,Anderson,B,R,NYN,SS
2009,hernl003,Hernandez,Livan,R,R,NYN,P
2009,mainj001,Maine,John,R,R,NYN,P
2009,martf002,Martinez,Fernando,L,R,NYN,OF
2009,martr003,Martinez,Ramon,R,R,NYN,2B
2009,miscp001,Misch,Pat,R,L,NYN,P
2009,murpd006,Murphy,Dan,L,R,NYN,3B
2009,niesj001,Niese,Jonathon,L,L,NYN,P
2009,nievf001,Nieve,Fernando,R,R,NYN,P
2009,odayd001,O'Day,Darren,R,R,NYN,P
2009,pagaa001,Pagan,Angel,B,R,NYN,CF
2009,parnb001,Parnell,Bobby,R,R,NYN,P
2009,pelfm001,Pelfrey,Mike,R,R,NYN,P
2009,pereo002,Perez,Oliver,L,L,NYN,P
2009,putzj001,Putz,J.J.,R,R,NYN,P
2009,reddt001,Redding,Tim,R,R,NYN,P
2009,reedj004,Reed,Jeremy,L,L,NYN,CF
2009,reyea003,Reyes,Argenis,B,R,NYN,2B
2009,reyej001,Reyes,Jose,B,R,NYN,SS
2009,rodrf003,Rodriguez,Francisco,R,R,NYN,P
2009,santj003,Santana,Johan,L,L,NYN,P
2009,santo001,Santos,Omir,R,R,NYN,C
2009,schnb001,Schneider,Brian,L,R,NYN,C
2009,shefg001,Sheffield,Gary,R,R,NYN,OF
2009,stokb001,Stokes,Brian,R,R,NYN,P
2009,stont001,Stoner,Tobi,B,R,NYN,P
2009,sullc001,Sullivan,Cory,L,L,NYN,OF
2009,switj001,Switzer,Jon,L,L,NYN,P
2009,takak001,Takahashi,Ken,L,L,NYN,P
2009,tatif001,Tatis,Fernando,R,R,NYN,3B
2009,tholj001,Thole,Josh,L,R,NYN,C
2009,valdw001,Valdez,Wilson,R,R,NYN,SS
2009,wagnb001,Wagner,Billy,L,L,NYN,P
2009,wrigd002,Wright,David,R,R,NYN,3B
2009,andeb004,Anderson,Brett,L,L,OAK,P
2009,baila001,Bailey,Andrew,R,R,OAK,P
2009,bartd001,Barton,Daric,L,R,OAK,1B
2009,blevj001,Blevins,Jerry,L,L,OAK,P
2009,bradd002,Braden,Dallas,L,L,OAK,P
2009,bresc001,Breslow,Craig,L,L,OAK,P
2009,buckt001,Buck,Travis,L,R,OAK,OF
2009,cabro001,Cabrera,Orlando,R,R,OAK,SS
2009,cahit001,Cahill,Trevor,R,R,OAK,P
2009,camek001,Cameron,Kevin,R,R,OAK,P
2009,carsm001,Carson,Matt,R,R,OAK,OF
2009,chave001,Chavez,Eric,L,R,OAK,3B
2009,crosb002,Crosby,Bobby,R,R,OAK,SS
2009,cunna001,Cunningham,Aaron,R,R,OAK,OF
2009,custj001,Cust,Jack,L,R,OAK,OF
2009,davir003,Davis,Rajai,R,R,OAK,OF
2009,denoc001,Denorfia,Chris,R,R,OAK,OF
2009,ellim001,Ellis,Mark,R,R,OAK,SS
2009,eveld001,Eveland,Dana,L,L,OAK,P
2009,evert001,Everidge,Tommy,R,R,OAK,1B
2009,galls001,Gallagher,Sean,R,R,OAK,P
2009,garcj002,Casilla,Santiago,R,R,OAK,P
2009,garcn001,Garciaparra,Nomar,R,R,OAK,1B
2009,giamj001,Giambi,Jason,L,R,OAK,1B
2009,giesd001,Giese,Dan,R,R,OAK,P
2009,gonze001,Gonzalez,Edgar,R,R,OAK,P
2009,gonzg003,Gonzalez,Gio,R,L,OAK,P
2009,grayj002,Gray,Jeff,R,R,OAK,P
2009,hairs001,Hairston,Scott,R,R,OAK,2B
2009,hannj001,Hannahan,Jack,L,R,OAK,3B
2009,hollm001,Holliday,Matt,R,R,OAK,OF
2009,kenna001,Kennedy,Adam,L,R,OAK,2B
2009,kilbb001,Kilby,Brad,L,L,OAK,P
2009,marsj001,Marshall,Jay,L,L,OAK,P
2009,mazzv001,Mazzaro,Vin,R,R,OAK,P
2009,meloj002,Meloan,Jonathan,R,R,OAK,P
2009,mortc003,Mortensen,Clayton,R,R,OAK,P
2009,munse001,Munson,Eric,L,R,OAK,C
2009,outmj001,Outman,Josh,L,L,OAK,P
2009,patte001,Patterson,Eric,L,R,OAK,OF
2009,pennc001,Pennington,Cliff,B,R,OAK,SS
2009,petig001,Petit,Gregorio,R,R,OAK,SS
2009,powel001,Powell,Landon,B,R,OAK,C
2009,reinc001,Reineke,Chad,R,R,OAK,P
2009,rodrh002,Rodriguez,Henry,R,R,OAK,P
2009,sprir001,Springer,Russ,R,R,OAK,P
2009,sweer001,Sweeney,Ryan,L,L,OAK,OF
2009,suzuk001,Suzuki,Kurt,R,R,OAK,C
2009,tomkb001,Tomko,Brett,R,R,OAK,P
2009,wuerm001,Wuertz,Michael,R,R,OAK,P
2009,ziegb001,Ziegler,Brad,R,R,OAK,P
2009,bakop001,Bako,Paul,L,R,PHI,C
2009,basta001,Bastardo,Antonio,R,L,PHI,P
2009,blanj001,Blanton,Joe,R,R,PHI,P
2009,brune001,Bruntlett,Eric,R,R,PHI,SS
2009,cairm001,Cairo,Miguel,R,R,PHI,2B
2009,carpa001,Carpenter,Andrew,R,R,PHI,P
2009,condc001,Condrey,Clay,R,R,PHI,P
2009,costc001,Coste,Chris,R,R,PHI,C
2009,dobbg001,Dobbs,Greg,L,R,PHI,3B
2009,durbc001,Durbin,Chad,R,R,PHI,P
2009,escas001,Escalona,Sergio,L,L,PHI,P
2009,eyres001,Eyre,Scott,L,L,PHI,P
2009,felip001,Feliz,Pedro,R,R,PHI,3B
2009,franb001,Francisco,Ben,R,R,PHI,OF
2009,hamec001,Hamels,Cole,L,L,PHI,P
2009,happj001,Happ,J.A.,L,L,PHI,P
2009,hoovp001,Hoover,Paul,R,R,PHI,C
2009,howar001,Howard,Ryan,L,L,PHI,1B
2009,ibanr001,Ibanez,Raul,L,R,PHI,OF
2009,kendk001,Kendrick,Kyle,R,R,PHI,P
2009,lee-c003,Lee,Cliff,L,L,PHI,P
2009,lidgb001,Lidge,Brad,R,R,PHI,P
2009,loper001,Lopez,Rodrigo,R,R,PHI,P
2009,madsr001,Madson,Ryan,L,R,PHI,P
2009,marsl001,Marson,Lou,R,R,PHI,C
2009,martp001,Martinez,Pedro,R,R,PHI,P
2009,maybj001,Mayberry,John,R,R,PHI,OF
2009,moyej001,Moyer,Jamie,L,L,PHI,P
2009,myerb001,Myers,Brett,R,R,PHI,P
2009,parkc002,Park,Chan Ho,R,R,PHI,P
2009,regis001,Register,Steven,R,R,PHI,P
2009,rollj001,Rollins,Jimmy,B,R,PHI,SS
2009,romej001,Romero,J.C.,B,L,PHI,P
2009,ruizc001,Ruiz,Carlos,R,R,PHI,C
2009,staim001,Stairs,Matt,L,R,PHI,OF
2009,tascj001,Taschner,Jack,L,L,PHI,P
2009,traca001,Tracy,Andy,L,R,PHI,1B
2009,utlec001,Utley,Chase,L,R,PHI,2B
2009,victs001,Victorino,Shane,B,R,PHI,OF
2009,walkt003,Walker,Tyler,R,R,PHI,P
2009,wertj001,Werth,Jayson,R,R,PHI,OF
2009,ascaj001,Ascanio,Jose,R,R,PIT,P
2009,bautd002,Bautista,Denny,R,R,PIT,P
2009,bixlb001,Bixler,Brian,R,R,PIT,SS
2009,bootc001,Bootcheck,Chris,R,R,PIT,P
2009,burns001,Burnett,Sean,L,L,PIT,P
2009,cappm001,Capps,Matt,R,R,PIT,P
2009,ceder002,Cedeno,Ronny,R,R,PIT,SS
2009,chavj001,Chavez,Jesse,R,R,PIT,P
2009,claga001,Claggett,Anthony,B,R,PIT,P
2009,cruzl001,Cruz,Luis,R,R,PIT,2B
2009,diazr001,Diaz,Robinzon,R,R,PIT,C
2009,doumr001,Doumit,Ryan,B,R,PIT,C
2009,dukez001,Duke,Zach,L,L,PIT,P
2009,dumap001,Dumatrait,Phil,R,L,PIT,P
2009,gorzt001,Gorzelanny,Tom,L,L,PIT,P
2009,grabj002,Grabow,John,L,L,PIT,P
2009,hacke001,Hacker,Eric,B,R,PIT,P
2009,hanrj001,Hanrahan,Joel,R,R,PIT,P
2009,hansc001,Hansen,Craig,R,R,PIT,P
2009,hartk001,Hart,Kevin,R,R,PIT,P
2009,hinse001,Hinske,Eric,L,R,PIT,1B
2009,jacks001,Jackson,Steven,R,R,PIT,P
2009,jaraj001,Jaramillo,Jason,B,R,PIT,C
2009,joneg002,Jones,Garrett,L,L,PIT,1B
2009,karsj001,Karstens,Jeff,R,R,PIT,P
2009,laroa001,LaRoche,Adam,L,L,PIT,1B
2009,laroa002,LaRoche,Andy,R,R,PIT,3B
2009,mahop002,Maholm,Paul,L,L,PIT,P
2009,mccua001,McCutchen,Andrew,R,R,PIT,OF
2009,mccud001,McCutchen,Daniel,R,R,PIT,P
2009,mclon001,McLouth,Nate,L,R,PIT,CF
2009,meeke001,Meek,Evan,R,R,PIT,P
2009,milll002,Milledge,Lastings,R,R,PIT,OF
2009,monrc001,Monroe,Craig,R,R,PIT,OF
2009,morgn001,Morgan,Nyjer,L,L,PIT,OF
2009,mortc002,Morton,Charlie,R,R,PIT,P
2009,mossb001,Moss,Brandon,L,R,PIT,OF
2009,ohler001,Ohlendorf,Ross,R,R,PIT,P
2009,pears001,Pearce,Steve,R,R,PIT,1B
2009,salaj002,Salazar,Jeff,L,L,PIT,OF
2009,sancf001,Sanchez,Freddy,R,R,PIT,SS
2009,sneli001,Snell,Ian,R,R,PIT,P
2009,vasqv001,Vasquez,Virgil,R,R,PIT,P
2009,vazqr001,Vazquez,Ramon,L,R,PIT,SS
2009,veald001,Veal,Donald,L,L,PIT,P
2009,walkn001,Walker,Neil,B,R,PIT,3B
2009,wilsj002,Wilson,Jack,R,R,PIT,SS
2009,yatet001,Yates,Tyler,R,R,PIT,P
2009,yound004,Young,Delwyn,B,R,PIT,OF
2009,adamm001,Adams,Mike,R,R,SDN,P
2009,alfoe002,Alfonzo,Eliezer,R,R,SDN,C
2009,bankj001,Banks,Josh,R,R,SDN,P
2009,bellh001,Bell,Heath,R,R,SDN,P
2009,blanh001,Blanco,Henry,R,R,SDN,C
2009,blank002,Blanks,Kyle,R,R,SDN,1B
2009,burkc001,Burke,Chris,R,R,SDN,OF
2009,burkg001,Burke,Greg,R,R,SDN,P
2009,cabre001,Cabrera,Everth,B,R,SDN,2B
2009,carrc002,Carrillo,Cesar,R,R,SDN,P
2009,corrk001,Correia,Kevin,R,R,SDN,P
2009,delae001,de la Cruz,Eulogio,R,R,SDN,P
2009,dural001,Durango,Luis,B,R,SDN,OF
2009,ecksd001,Eckstein,David,R,R,SDN,SS
2009,ekstm001,Ekstrom,Mike,R,R,SDN,P
2009,floyc001,Floyd,Cliff,L,R,SDN,OF
2009,friee001,Frieri,Ernesto,R,R,SDN,P
2009,galls001,Gallagher,Sean,R,R,SDN,P
2009,gaudc001,Gaudin,Chad,R,R,SDN,P
2009,geerj001,Geer,Josh,R,R,SDN,P
2009,geruj001,Gerut,Jody,L,L,SDN,OF
2009,gileb002,Giles,Brian,L,L,SDN,OF
2009,gonza003,Gonzalez,Adrian,L,L,SDN,1B
2009,gonze003,Gonzalez,Edgar,R,R,SDN,2B
2009,gregl001,Gregerson,Luke,L,R,SDN,P
2009,gwynt002,Gwynn,Tony,L,R,SDN,OF
2009,hairs001,Hairston,Scott,R,R,SDN,2B
2009,headc001,Headley,Chase,B,R,SDN,3B
2009,hills003,Hill,Shawn,R,R,SDN,P
2009,hundn001,Hundley,Nick,R,R,SDN,C
2009,kouzk001,Kouzmanoff,Kevin,R,R,SDN,3B
2009,latom001,Latos,Mat,R,R,SDN,P
2009,leblw001,LeBlanc,Wade,L,L,SDN,P
2009,lobaj001,Lobaton,Jose,B,R,SDN,C
2009,lopea004,Lopez,Arturo,L,L,SDN,P
2009,macid001,Macias,Drew,L,L,SDN,OF
2009,merec001,Meredith,Cla,R,R,SDN,P
2009,moree001,Moreno,Edwin,R,R,SDN,P
2009,mujie001,Mujica,Edward,R,R,SDN,P
2009,peavj001,Peavy,Jake,R,R,SDN,P
2009,perdl001,Perdomo,Luis,L,R,SDN,P
2009,porea001,Poreda,Aaron,L,L,SDN,P
2009,ramoc001,Ramos,Cesar,L,L,SDN,P
2009,richc002,Richard,Clayton,L,L,SDN,P
2009,rodrl002,Rodriguez,Luis,B,R,SDN,2B
2009,russa001,Russell,Adam,R,R,SDN,P
2009,salao001,Salazar,Oscar,R,R,SDN,2B
2009,sancd001,Sanchez,Duaner,R,R,SDN,P
2009,silvw001,Silva,Walter,R,R,SDN,P
2009,stanc001,Stansberry,Craig,R,R,SDN,2B
2009,staut001,Stauffer,Tim,R,R,SDN,P
2009,thatj001,Thatcher,Joe,L,L,SDN,P
2009,venaw001,Venable,Will,L,L,SDN,OF
2009,webbr001,Webb,Ryan,R,R,SDN,P
2009,wilsj003,Wilson,Josh,R,R,SDN,2B
2009,younc003,Young,Chris,R,R,SDN,P
2009,aardd001,Aardsma,David,R,R,SEA,P
2009,balew001,Balentien,Wladimir,R,R,SEA,OF
2009,batim001,Batista,Miguel,R,R,SEA,P
2009,bedae001,Bedard,Erik,L,L,SEA,P
2009,belta001,Beltre,Adrian,R,R,SEA,3B
2009,betay001,Betancourt,Yuniesky,R,R,SEA,SS
2009,branr001,Branyan,Russell,L,R,SEA,3B
2009,burkj003,Burke,Jamie,R,R,SEA,C
2009,carpm001,Carp,Mike,L,R,SEA,1B
2009,ceder002,Cedeno,Ronny,R,R,SEA,SS
2009,chave002,Chavez,Endy,L,L,SEA,OF
2009,corcr001,Corcoran,Roy,R,R,SEA,P
2009,fistd001,Fister,Doug,L,R,SEA,P
2009,frenl001,French,Lucas,L,L,SEA,P
2009,grifk002,Griffey,Ken,L,L,SEA,OF
2009,gutif001,Gutierrez,Franklin,R,R,SEA,OF
2009,hallb001,Hall,Bill,R,R,SEA,SS
2009,hannj001,Hannahan,Jack,L,R,SEA,3B
2009,hernf002,Hernandez,Felix,R,R,SEA,P
2009,jakuc001,Jakubauskas,Chris,L,R,SEA,P
2009,johjk001,Johjima,Kenji,R,R,SEA,C
2009,johnr009,Johnson,Rob,R,R,SEA,C
2009,kells001,Kelley,Shawn,R,R,SEA,P
2009,langr002,Langerhans,Ryan,L,L,SEA,OF
2009,lopej003,Lopez,Jose,R,R,SEA,2B
2009,lowem002,Lowe,Mark,L,R,SEA,P
2009,messr001,Messenger,Randy,R,R,SEA,P
2009,moora001,Moore,Adam,R,R,SEA,C
2009,morrb001,Morrow,Brandon,R,R,SEA,P
2009,olsog003,Olson,Garrett,R,L,SEA,P
2009,quirg001,Quiroz,Guillermo,R,R,SEA,C
2009,rowlr002,Rowland-Smith,Ryan,L,L,SEA,P
2009,saunm001,Saunders,Michael,L,R,SEA,OF
2009,shelc001,Shelton,Chris,R,R,SEA,1B
2009,silvc001,Silva,Carlos,R,R,SEA,P
2009,sneli001,Snell,Ian,R,R,SEA,P
2009,stard001,Stark,Denny,R,R,SEA,P
2009,suzui001,Suzuki,Ichiro,L,R,SEA,OF
2009,sweem002,Sweeney,Mike,R,R,SEA,1B
2009,tuiam001,Tuiasosopo,Matt,R,R,SEA,3B
2009,vargj001,Vargas,Jason,L,L,SEA,P
2009,washj001,Washburn,Jarrod,L,L,SEA,P
2009,whits002,White,Sean,R,R,SEA,P
2009,wilsj002,Wilson,Jack,R,R,SEA,SS
2009,wilsj003,Wilson,Josh,R,R,SEA,2B
2009,woodc001,Woodward,Chris,R,R,SEA,SS
2009,affej001,Affeldt,Jeremy,L,L,SFN,P
2009,aurir001,Aurilia,Rich,R,R,SFN,3B
2009,bowkj001,Bowker,John,L,L,SFN,OF
2009,bumgm001,Bumgarner,Madison,R,L,SFN,P
2009,burre001,Burriss,Emmanuel,B,R,SFN,SS
2009,cainm001,Cain,Matt,R,R,SFN,P
2009,downm001,Downs,Matt,R,R,SFN,2B
2009,frank001,Frandsen,Kevin,R,R,SFN,2B
2009,garkr001,Garko,Ryan,R,R,SFN,C
2009,guzmj005,Guzman,Jesus,R,R,SFN,1B
2009,hinsa001,Hinshaw,Alex,L,L,SFN,P
2009,holms002,Holm,Steve,R,R,SFN,C
2009,howrb001,Howry,Bob,L,R,SFN,P
2009,ishit001,Ishikawa,Travis,L,L,SFN,1B
2009,joaqw001,Joaquin,Waldis,R,R,SFN,P
2009,johnr005,Johnson,Randy,R,L,SFN,P
2009,lewif001,Lewis,Fred,L,R,SFN,OF
2009,linct001,Lincecum,Tim,L,R,SFN,P
2009,martj004,Martinez,Joe,L,R,SFN,P
2009,matoo001,Matos,Osiris,R,R,SFN,P
2009,meddb001,Medders,Brandon,R,R,SFN,P
2009,millj002,Miller,Justin,R,R,SFN,P
2009,miscp001,Misch,Pat,R,L,SFN,P
2009,molib001,Molina,Bengie,R,R,SFN,C
2009,pennb002,Penny,Brad,R,R,SFN,P
2009,poseb001,Posey,Buster,R,R,SFN,C
2009,rente001,Renteria,Edgar,R,R,SFN,SS
2009,rohlr001,Rohlinger,Ryan,R,R,SFN,3B
2009,romos001,Romo,Sergio,R,R,SFN,P
2009,rowaa001,Rowand,Aaron,R,R,SFN,OF
2009,runzd001,Runzler,Dan,L,L,SFN,P
2009,sador001,Sadowski,Ryan,R,R,SFN,P
2009,sancf001,Sanchez,Freddy,R,R,SFN,SS
2009,sancj002,Sanchez,Jonathan,L,L,SFN,P
2009,sandp001,Sandoval,Pablo,B,R,SFN,C
2009,schin001,Schierholtz,Nate,L,R,SFN,OF
2009,torra001,Torres,Andres,B,R,SFN,OF
2009,uribj002,Uribe,Juan,R,R,SFN,SS
2009,valdm003,Valdez,Merkin,R,R,SFN,P
2009,velee001,Velez,Eugenio,B,R,SFN,OF
2009,white004,Whiteside,Eli,R,R,SFN,C
2009,wilsb001,Wilson,Brian,R,R,SFN,P
2009,winnr001,Winn,Randy,B,R,SFN,OF
2009,zitob001,Zito,Barry,L,L,SFN,P
2009,ankir001,Ankiel,Rick,L,L,SLN,OF
2009,bardb001,Barden,Brian,R,R,SLN,3B
2009,boggm001,Boggs,Mitchell,R,R,SLN,P
2009,boyeb001,Boyer,Blaine,R,R,SLN,P
2009,carpc002,Carpenter,Chris,R,R,SLN,P
2009,derom001,DeRosa,Mark,R,R,SLN,SS
2009,duncc002,Duncan,Chris,L,R,SLN,1B
2009,franr001,Franklin,Ryan,R,R,SLN,P
2009,freed001,Freese,David,R,R,SLN,3B
2009,glaut001,Glaus,Troy,R,R,SLN,3B
2009,greek002,Greene,Khalil,R,R,SLN,SS
2009,greet004,Greene,Tyler,R,R,SLN,SS
2009,hawkb001,Hawksworth,Blake,R,R,SLN,P
2009,hoffj002,Hoffpauir,Jarrett,R,R,SLN,2B
2009,hollm001,Holliday,Matt,R,R,SLN,OF
2009,kinnj001,Kinney,Josh,R,R,SLN,P
2009,laruj001,LaRue,Jason,R,R,SLN,C
2009,lohsk001,Lohse,Kyle,R,R,SLN,P
2009,ludwr001,Ludwick,Ryan,R,L,SLN,OF
2009,lugoj001,Lugo,Julio,R,R,SLN,SS
2009,mcclk001,McClellan,Kyle,R,R,SLN,P
2009,millt002,Miller,Trever,R,L,SLN,P
2009,moliy001,Molina,Yadier,R,R,SLN,C
2009,mortc003,Mortensen,Clayton,R,R,SLN,P
2009,mottj001,Motte,Jason,R,R,SLN,P
2009,pagnm001,Pagnozzi,Matt,R,R,SLN,C
2009,perec002,Perez,Chris,R,R,SLN,P
2009,pinej001,Pineiro,Joel,R,R,SLN,P
2009,pujoa001,Pujols,Albert,R,R,SLN,1B
2009,rasmc001,Rasmus,Colby,L,L,SLN,OF
2009,reyed001,Reyes,Dennys,R,L,SLN,P
2009,robis001,Robinson,Shane,R,R,SLN,OF
2009,ryanb002,Ryan,Brendan,R,R,SLN,SS
2009,schus001,Schumaker,Skip,L,R,SLN,OF
2009,smolj001,Smoltz,John,R,R,SLN,P
2009,stavn001,Stavinoha,Nick,R,R,SLN,OF
2009,thomb002,Thompson,Brad,R,R,SLN,P
2009,thurj001,Thurston,Joe,L,R,SLN,2B
2009,toddj001,Todd,Jess,R,R,SLN,P
2009,waina001,Wainwright,Adam,R,R,SLN,P
2009,waltp001,Walters,P.J.,R,R,SLN,P
2009,wellt002,Wellemeyer,Todd,R,R,SLN,P
2009,abrew001,Abreu,Winston,R,R,TBA,P
2009,aybaw001,Aybar,Willy,B,R,TBA,3B
2009,balfg001,Balfour,Grant,R,R,TBA,P
2009,bartj001,Bartlett,Jason,R,R,TBA,SS
2009,bennj002,Bennett,Jeff,R,R,TBA,P
2009,bradc001,Bradford,Chad,R,R,TBA,P
2009,brigr001,Brignac,Reid,L,R,TBA,SS
2009,burrp001,Burrell,Pat,R,R,TBA,OF
2009,choar001,Choate,Randy,L,L,TBA,P
2009,corml001,Cormier,Lance,R,R,TBA,P
2009,crawc002,Crawford,Carl,L,L,TBA,OF
2009,daviw001,Davis,Wade,R,R,TBA,P
2009,dillj001,Dillon,Joe,R,R,TBA,1B
2009,garzm001,Garza,Matt,R,R,TBA,P
2009,grosg002,Gross,Gabe,L,R,TBA,OF
2009,hernm002,Hernandez,Michel,R,R,TBA,C
2009,howej003,Howell,J.P.,L,L,TBA,P
2009,isrij001,Isringhausen,Jason,R,R,TBA,P
2009,iwama001,Iwamura,Akinori,L,R,TBA,3B
2009,joycm001,Joyce,Matthew,L,R,TBA,OF
2009,kazms001,Kazmir,Scott,L,L,TBA,P
2009,kaplg001,Kapler,Gabe,R,R,TBA,OF
2009,longe001,Longoria,Evan,R,R,TBA,3B
2009,navad001,Navarro,Dioner,B,R,TBA,C
2009,nelsj002,Nelson,Joe,R,R,TBA,P
2009,niemj001,Niemann,Jeff,R,R,TBA,P
2009,penac001,Pena,Carlos,L,L,TBA,1B
2009,perct001,Percival,Troy,R,R,TBA,P
2009,peref001,Perez,Fernando,B,R,TBA,OF
2009,pricd001,Price,David,L,L,TBA,P
2009,richc001,Richard,Chris,L,L,TBA,1B
2009,riggs001,Riggans,Shawn,R,R,TBA,C
2009,shiej002,Shields,James,R,R,TBA,P
2009,shoub001,Shouse,Brian,L,L,TBA,P
2009,sonna001,Sonnanstine,Andy,L,R,TBA,P
2009,sprir001,Springer,Russ,R,R,TBA,P
2009,thayd001,Thayer,Dale,R,R,TBA,P
2009,wheed001,Wheeler,Dan,R,R,TBA,P
2009,uptob001,Upton,B.J.,R,R,TBA,SS
2009,zaung001,Zaun,Gregg,B,R,TBA,C
2009,zobrb001,Zobrist,Ben,B,R,TBA,SS
2009,andre001,Andrus,Elvis,R,R,TEX,SS
2009,ariaj001,Arias,Joaquin,R,R,TEX,SS
2009,bensk001,Benson,Kris,R,R,TEX,P
2009,blalh001,Blalock,Hank,L,R,TEX,3B
2009,boggb001,Boggs,Brandon,B,R,TEX,OF
2009,borbj001,Borbon,Julio,L,L,TEX,OF
2009,byrdm001,Byrd,Marlon,R,R,TEX,OF
2009,cruzn002,Cruz,Nelson,R,R,TEX,OF
2009,davic003,Davis,Chris,L,R,TEX,1B
2009,eyrew001,Eyre,Willie,R,R,TEX,P
2009,felds001,Feldman,Scott,L,R,TEX,P
2009,felin001,Feliz,Neftali,R,R,TEX,P
2009,franf001,Francisco,Frank,R,R,TEX,P
2009,gentc001,Gentry,Craig,R,R,TEX,OF
2009,germe001,German,Esteban,R,R,TEX,2B
2009,golsg001,Golson,Greg,R,R,TEX,OF
2009,grilj001,Grilli,Jason,R,R,TEX,P
2009,guare001,Guardado,Eddie,R,L,TEX,P
2009,hamij003,Hamilton,Josh,L,L,TEX,OF
2009,harrm001,Harrison,Matt,L,L,TEX,P
2009,holld003,Holland,Derek,B,L,TEX,P
2009,huntt002,Hunter,Tommy,R,R,TEX,P
2009,jennj001,Jennings,Jason,L,R,TEX,P
2009,jonea002,Jones,Andruw,R,R,TEX,OF
2009,kinsi001,Kinsler,Ian,R,R,TEX,SS
2009,madrw001,Madrigal,Warner,R,R,TEX,P
2009,mathd001,Mathis,Doug,R,R,TEX,P
2009,mccab001,McCarthy,Brandon,R,R,TEX,P
2009,mendl001,Mendoza,Luis,R,R,TEX,P
2009,moscg001,Moscoso,Guillermo,R,R,TEX,P
2009,millk004,Millwood,Kevin,R,R,TEX,P
2009,murpd005,Murphy,David,L,L,TEX,OF
2009,nippd001,Nippert,Dustin,R,R,TEX,P
2009,odayd001,O'Day,Darren,R,R,TEX,P
2009,padiv001,Padilla,Vicente,R,R,TEX,P
2009,richk001,Richardson,Kevin,R,R,TEX,C
2009,rodri001,Rodriguez,Ivan,R,R,TEX,C
2009,rupej001,Rupe,Josh,R,R,TEX,P
2009,saltj001,Saltalamacchia,Jarrod,B,R,TEX,C
2009,strop001,Strop,Pedro,R,R,TEX,P
2009,teagt001,Teagarden,Taylor,R,R,TEX,C
2009,vizqo001,Vizquel,Omar,B,R,TEX,SS
2009,wilsc004,Wilson,C.J.,L,L,TEX,P
2009,younm003,Young,Michael,R,R,TEX,SS
2009,accaj001,Accardo,Jeremy,R,R,TOR,P
2009,adamr002,Adams,Russ,L,R,TOR,SS
2009,barar001,Barajas,Rod,R,R,TOR,C
2009,barrm003,Barrett,Michael,R,R,TOR,C
2009,bautj002,Bautista,Jose,R,R,TOR,3B
2009,bullb001,Bullington,Bryan,R,R,TOR,P
2009,burrb001,Burres,Brian,L,L,TOR,P
2009,camps002,Camp,Shawn,R,R,TOR,P
2009,carlj001,Carlson,Jesse,L,L,TOR,P
2009,cecib001,Cecil,Brett,R,L,TOR,P
2009,chavr001,Chavez,Raul,R,R,TOR,C
2009,delld001,Dellucci,David,L,L,TOR,OF
2009,downs001,Downs,Scott,L,L,TOR,P
2009,encae001,Encarnacion,Edwin,R,R,TOR,3B
2009,frasj002,Frasor,Jason,R,R,TOR,P
2009,hallr001,Halladay,Roy,R,R,TOR,P
2009,hayhd001,Hayhurst,Dirk,L,R,TOR,P
2009,hilla001,Hill,Aaron,R,R,TOR,2B
2009,inglj001,Inglett,Joe,L,R,TOR,2B
2009,jansc001,Janssen,Casey,R,R,TOR,P
2009,leagb001,League,Brandon,R,R,TOR,P
2009,linda001,Lind,Adam,L,L,TOR,OF
2009,litsj001,Litsch,Jesse,R,R,TOR,P
2009,mcdoj003,McDonald,John,R,R,TOR,SS
2009,millk005,Millar,Kevin,R,R,TOR,1B
2009,millb001,Mills,Brad,R,L,TOR,P
2009,murpb001,Murphy,Bill,L,L,TOR,P
2009,overl001,Overbay,Lyle,L,L,TOR,1B
2009,philk001,Phillips,Kyle,L,R,TOR,C
2009,purcd001,Purcey,David,L,L,TOR,P
2009,ray-r001,Ray,Robert,R,R,TOR,P
2009,richs001,Richmond,Scott,R,R,TOR,P
2009,riosa002,Rios,Alex,R,R,TOR,OF
2009,roenj001,Roenicke,Josh,R,R,TOR,P
2009,roles001,Rolen,Scott,R,R,TOR,3B
2009,romer002,Romero,Ricky,R,L,TOR,P
2009,ruizr001,Ruiz,Randy,R,R,TOR,3B
2009,rzepm001,Rzepczynski,Marc,L,L,TOR,P
2009,ryanb001,Ryan,B.J.,L,L,TOR,P
2009,scutm001,Scutaro,Marco,R,R,TOR,2B
2009,snidt001,Snider,Travis,L,L,TOR,OF
2009,tallb001,Tallet,Brian,L,L,TOR,P
2009,wellv001,Wells,Vernon,R,R,TOR,OF
2009,wolfb001,Wolfe,Brian,R,R,TOR,P
2009,balec001,Balester,Collin,R,R,WAS,P
2009,bardj001,Bard,Josh,B,R,WAS,C
2009,beimj001,Beimel,Joe,L,L,WAS,P
2009,bellr002,Belliard,Ronnie,R,R,WAS,2B
2009,bergj001,Bergmann,Jason,R,R,WAS,P
2009,bernr001,Bernadina,Roger,L,L,WAS,OF
2009,burkj003,Burke,Jamie,R,R,WAS,C
2009,burns001,Burnett,Sean,L,L,WAS,P
2009,cabrd001,Cabrera,Daniel,R,R,WAS,P
2009,cinta001,Cintron,Alex,B,R,WAS,SS
2009,clipt001,Clippard,Tyler,R,R,WAS,P
2009,coloj001,Colome,Jesus,R,R,WAS,P
2009,desmi001,Desmond,Ian,R,R,WAS,SS
2009,detwr001,Detwiler,Ross,R,L,WAS,P
2009,dukee001,Dukes,Elijah,R,R,WAS,OF
2009,dunna001,Dunn,Adam,L,R,WAS,OF
2009,estrm001,Estrada,Marco,R,R,WAS,P
2009,florj002,Flores,Jesus,R,R,WAS,C
2009,garav001,Garate,Victor,L,L,WAS,P
2009,gonza005,Gonzalez,Alberto,R,R,WAS,SS
2009,guzmc001,Guzman,Cristian,B,R,WAS,SS
2009,hanrj001,Hanrahan,Joel,R,R,WAS,P
2009,harrw001,Harris,Willie,L,R,WAS,2B
2009,herna003,Hernandez,Anderson,B,R,WAS,SS
2009,hernl003,Hernandez,Livan,R,R,WAS,P
2009,hincm001,Hinckley,Mike,R,L,WAS,P
2009,johnn001,Johnson,Nick,L,L,WAS,1B
2009,keara001,Kearns,Austin,R,R,WAS,OF
2009,kensl001,Kensing,Logan,R,R,WAS,P
2009,lannj001,Lannan,John,L,L,WAS,P
2009,ledew001,Ledezma,Wil,L,L,WAS,P
2009,macdm001,MacDougal,Mike,B,R,WAS,P
2009,martj005,Martin,J.D.,R,R,WAS,P
2009,marts001,Martis,Shairon,R,R,WAS,P
2009,maxwj002,Maxwell,Justin,R,R,WAS,OF
2009,milll002,Milledge,Lastings,R,R,WAS,OF
2009,mockg001,Mock,Garrett,R,R,WAS,P
2009,morgn001,Morgan,Nyjer,L,L,WAS,OF
2009,morsm001,Morse,Mike,R,R,WAS,1B
2009,nievw001,Nieves,Wil,R,R,WAS,C
2009,olses001,Olsen,Scott,L,L,WAS,P
2009,orr-p001,Orr,Pete,L,R,WAS,SS
2009,padij002,Padilla,Jorge,R,R,WAS,OF
2009,pattc001,Patterson,Corey,L,R,WAS,OF
2009,rives001,Rivera,Saul,B,R,WAS,P
2009,shels002,Shell,Steven,R,R,WAS,P
2009,segoz001,Segovia,Zack,R,R,WAS,P
2009,sosaj002,Sosa,Jorge,R,R,WAS,P
2009,stamc001,Stammen,Craig,R,R,WAS,P
2009,tavaj001,Tavarez,Julian,L,R,WAS,P
2009,villr001,Villone,Ron,L,L,WAS,P
2009,wellk001,Wells,Kip,R,R,WAS,P
2009,willj004,Willingham,Josh,R,R,WAS,OF
2009,zimmj003,Zimmermann,Jordan,R,R,WAS,P
2009,zimmr001,Zimmerman,Ryan,R,R,WAS,3B
